step,N,a,z,Phi,dot_Phi,rho_b,rho_c,rho_r,V,H_dimensionless
0.0,-3.0,0.049787068367863944,19.085536923187668,0.0,0.0,1215.4625891363078,6077.312945681539,43.943793683131055,0.69991,49.455094912795985
1.0,-2.995,0.05003662708658628,18.985359889857126,0.0,0.0,1197.366708706701,5986.833543533505,43.07364826943878,0.69991,49.084871432073804
2.0,-2.99,0.050287436723591865,18.88568249156473,0.0,0.0,1179.5402408377518,5897.701204188758,42.22073288933052,0.69991,48.71742360427749
3.0,-2.9850000000000003,0.050539503549134675,18.78650223637034,0.0,0.0,1161.979174498987,5809.895872494934,41.38470636528281,0.69991,48.35273057907969
4.0,-2.9800000000000004,0.05079283386489848,18.687816644762407,0.0,0.0,1144.6795583763976,5723.397791881986,40.565234275539765,0.69991,47.99077166335879
5.0,-2.9750000000000005,0.05104743400415437,18.589623249596002,0.0,0.0,1127.6374999833758,5638.187499916878,39.76198882033994,0.69991,47.631526320007126
6.0,-2.9700000000000006,0.05130331033191909,18.49191959603113,0.0,0.0,1110.84916478489,5554.245823924448,38.97464869079204,0.69991,47.2749741667482
7.0,-2.9650000000000007,0.051560469245114156,18.394703241471362,0.0,0.0,1094.3107753346972,5471.553876673484,38.20289894034709,0.69991,46.921094974963125
8.0,-2.960000000000001,0.05181891717272579,18.297971755502775,0.0,0.0,1078.0186104254026,5390.093052127011,37.446430858815624,0.69991,46.56986866852583
9.0,-2.955000000000001,0.05207866057596565,18.201722719833178,0.0,0.0,1061.9690042511716,5309.8450212558555,36.70494184887947,0.69991,46.22127532264735
10.0,-2.950000000000001,0.05233970594843234,18.10595372823167,0.0,0.0,1046.1583455829082,5230.791727914539,35.9781353050488,0.69991,45.87529516272891
11.0,-2.945000000000001,0.052602059816273763,18.010662386468468,0.0,0.0,1030.5830769557135,5152.915384778566,35.265720495016,0.69991,45.531908563223716
12.0,-2.9400000000000013,0.0528657287383503,17.915846312255063,0.0,0.0,1015.2396938684408,5076.198469342202,34.567412443358826,0.69991,45.19109604650752
13.0,-2.9350000000000014,0.05313071930639871,17.82150313518467,0.0,0.0,1000.1247439951678,5000.623719975837,33.88293181754648,0.69991,44.85283828175779
14.0,-2.9300000000000015,0.05339703814519701,17.727630496672944,0.0,0.0,985.2348264084094,4926.174132042045,33.21200481620285,0.69991,44.5171160838415
15.0,-2.9250000000000016,0.05366469191273004,17.63422604989903,0.0,0.0,970.5665908138941,4852.8329540694685,32.55436305958231,0.69991,44.18391041221131
16.0,-2.9200000000000017,0.05393368730035592,17.5412874597469,0.0,0.0,956.1167367967338,4780.5836839836675,31.909743482214253,0.69991,43.85320236981033
17.0,-2.915000000000002,0.05420403103297337,17.448812402746956,0.0,0.0,941.8820130788167,4709.410065394082,31.27788822767339,0.69991,43.524973201985134
18.0,-2.910000000000002,0.05447572986918976,17.356798567017957,0.0,0.0,927.8592167872558,4639.296083936278,30.65854454543374,0.69991,43.19920429540714
19.0,-2.905000000000002,0.05474879060149017,17.265243652209218,0.0,0.0,914.0451927337292,4570.225963668644,30.051464689765055,0.69991,42.87587717700222
20.0,-2.900000000000002,0.05502322005640711,17.1741453694431,0.0,0.0,900.436832704549,4502.184163522743,29.45640582063122,0.69991,42.554973512888495
21.0,-2.8950000000000022,0.05529902509469126,17.083501441257788,0.0,0.0,887.0310747613006,4435.1553738065,28.873129906550997,0.69991,42.236475107322235
22.0,-2.8900000000000023,0.05557621261148294,16.993309601550358,0.0,0.0,873.8249025518934,4369.124512759464,28.30140362938228,0.69991,41.920363901651825
23.0,-2.8850000000000025,0.0558547895364845,16.90356759552012,0.0,0.0,860.8153446318688,4304.076723159341,27.740998290991694,0.69991,41.606621973279694
24.0,-2.8800000000000026,0.05613476283413358,16.814273179612243,0.0,0.0,847.9994737958128,4239.997368979061,27.191689721772327,0.69991,41.29523153463221
25.0,-2.8750000000000027,0.0564161395037772,16.72542412146169,0.0,0.0,835.3744064187225,4176.87203209361,26.65325819097287,0.69991,40.9861749321374
26.0,-2.8700000000000028,0.05669892657984676,16.637018199837367,0.0,0.0,822.9373018071781,4114.686509035888,26.125488318802407,0.69991,40.67943464521055
27.0,-2.865000000000003,0.05698313113203388,16.54905320458664,0.0,0.0,810.6853615601748,4053.4268078008718,25.608168990275615,0.69991,40.37499328524742
28.0,-2.860000000000003,0.05726876026546718,16.461526936580043,0.0,0.0,798.6158289394713,3993.079144697354,25.101093270763965,0.69991,40.0728335946253
29.0,-2.855000000000003,0.05755582112088987,16.374437207656314,0.0,0.0,786.7259882493114,3933.6299412465546,24.6040583232191,0.69991,39.772938445711574
30.0,-2.850000000000003,0.057844320874838276,16.287781840567696,0.0,0.0,775.0131642253815,3875.065821126905,24.11686532703532,0.69991,39.47529083987992
31.0,-2.8450000000000033,0.058134266739821285,16.201558668925497,0.0,0.0,763.4747214328646,3817.373607164321,23.639319398518687,0.69991,39.17987390653397
32.0,-2.8400000000000034,0.05842566596450062,16.115765537145936,0.0,0.0,752.1080636734565,3760.5403183672806,23.17122951293095,0.69991,38.88667090213847
33.0,-2.8350000000000035,0.05871852583387207,16.030400300396252,0.0,0.0,740.91063340121,3704.553167006048,22.712408428077097,0.69991,38.59566520925779
34.0,-2.8300000000000036,0.05901285366944763,15.945460824541076,0.0,0.0,729.8799111470765,3649.399555735381,22.26267260940599,0.69991,38.306840335601784
35.0,-2.8250000000000037,0.05930865682943851,15.860944986089095,0.0,0.0,719.0134149520148,3595.0670747600725,21.821842156594087,0.69991,38.02017991307898
36.0,-2.820000000000004,0.059605942708939125,15.77685067213994,0.0,0.0,708.3086998085397,3541.543499042697,21.38974073158293,0.69991,37.735667696856865
37.0,-2.815000000000004,0.05990471874011194,15.69317578033138,0.0,0.0,697.763357110585,3488.816785552924,20.96619548804155,0.69991,37.45328756442951
38.0,-2.810000000000004,0.0602049923923733,15.609918218786767,0.0,0.0,687.3750141115574,3436.875070557786,20.551037002225645,0.69991,37.17302351469216
39.0,-2.805000000000004,0.060506771172580145,15.527075906062727,0.0,0.0,677.1413333904578,3385.706666952288,20.14409920520582,0.69991,36.894859667022956
40.0,-2.8000000000000043,0.06081006262521771,15.44464677109712,0.0,0.0,667.0600123259524,3335.3000616297604,19.745219316437797,0.69991,36.618780260371636
41.0,-2.7950000000000044,0.06111487433258809,15.362628753157285,0.0,0.0,657.1287825782725,3285.643912891361,19.354237778648034,0.69991,36.34476965235521
42.0,-2.7900000000000045,0.061421213914999856,15.2810198017885,0.0,0.0,647.3454095788293,3236.727047894145,18.970998194008683,0.69991,36.0728123183605
43.0,-2.7850000000000046,0.06172908903095852,15.19981787676273,0.0,0.0,637.7076920274258,3188.5384601371275,18.595347261576375,0.69991,35.802892850653514
44.0,-2.7800000000000047,0.06203850737735802,15.119020948027622,0.0,0.0,628.2134613969554,3141.0673069847753,18.227134715969797,0.69991,35.53499595749567
45.0,-2.775000000000005,0.062349476689673125,15.038626995655747,0.0,0.0,618.8605814454739,3094.302907227368,17.86621326726154,0.69991,35.26910646226668
46.0,-2.770000000000005,0.06266200474215285,14.958634009794107,0.0,0.0,609.6469477355364,3048.2347386776805,17.51243854206016,0.69991,35.005209302594174
47.0,-2.765000000000005,0.06297609934801476,14.879039990613894,0.0,0.0,600.5704871606895,3002.852435803446,17.165669025758902,0.69991,34.74328952948993
48.0,-2.760000000000005,0.0632917683596404,14.799842948260478,0.0,0.0,591.6291574790141,2958.145787395069,16.825766005927967,0.69991,34.483332306492706
49.0,-2.7550000000000052,0.06360901966877147,14.72104090280368,0.0,0.0,582.820946853612,2914.104734268058,16.492593516827693,0.69991,34.22532290881757
50.0,-2.7500000000000053,0.06392786120670724,14.642631884188253,0.0,0.0,574.1438733999341,2870.719366999669,16.16601828502044,0.69991,33.96924672251174
51.0,-2.7450000000000054,0.06424830094450275,14.564613932184654,0.0,0.0,565.5959847398485,2827.979923699241,15.845909676059442,0.69991,33.715089243616866
52.0,-2.7400000000000055,0.06457034689316814,14.48698509634002,0.0,0.0,557.1753575623467,2785.876787811732,15.532139642233295,0.69991,33.462836077337656
53.0,-2.7350000000000056,0.06489400710386889,14.409743435929409,0.0,0.0,548.8800971907904,2744.4004859539505,15.22458267134515,0.69991,33.21247293721685
54.0,-2.7300000000000058,0.06521928966812715,14.332887019907284,0.0,0.0,540.7083371566017,2703.5416857830073,14.923115736506173,0.69991,32.96398564431651
55.0,-2.725000000000006,0.06554620271802394,14.256413926859247,0.0,0.0,532.6582387792998,2663.2911938964976,14.62761824692314,0.69991,32.717360126405474
56.0,-2.720000000000006,0.06587475442640257,14.180322244953985,0.0,0.0,524.7279907527897,2623.639953763947,14.337971999660521,0.69991,32.47258241715307
57.0,-2.715000000000006,0.06620495300707283,14.104610071895493,0.0,0.0,516.9158087378108,2584.5790436890525,14.054061132357724,0.69991,32.22963865532894
58.0,-2.710000000000006,0.06653680671501644,14.029275514875495,0.0,0.0,509.21993496045354,2546.0996748022662,13.775772076882605,0.69991,31.988515084008938
59.0,-2.7050000000000063,0.06687032384659339,13.954316690526145,0.0,0.0,501.6386378166522,2508.1931890832593,13.502993513902707,0.69991,31.749198049787097
60.0,-2.7000000000000064,0.06720551273974934,13.879731724872928,0.0,0.0,494.170211482567,2470.8510574128336,13.235616328356038,0.69991,31.511674001993594
61.0,-2.6950000000000065,0.06754238177422407,13.80551875328782,0.0,0.0,486.81297553076666,2434.064877653832,12.973533565803592,0.69991,31.27592949191866
62.0,-2.6900000000000066,0.06788093937176098,13.731675920442669,0.0,0.0,479.5652745521248,2397.8263727606222,12.71664038964615,0.69991,31.0419511720424
63.0,-2.6850000000000067,0.06822119399631767,13.658201380262803,0.0,0.0,472.4254777833461,2362.1273889167287,12.46483403918824,0.69991,30.809725795270467
64.0,-2.680000000000007,0.06856315415427745,13.585093295880888,0.0,0.0,465.39197874003776,2326.959893700187,12.218013788532488,0.69991,30.57924021417557
65.0,-2.675000000000007,0.06890682839466208,13.512349839591016,0.0,0.0,458.4631948552436,2292.3159742762164,11.976080906287919,0.69991,30.350481380244737
66.0,-2.670000000000007,0.0692522253093455,13.439969192802984,0.0,0.0,451.6375671233599,2258.1878356167977,11.738938616076082,0.69991,30.123436343132312
67.0,-2.665000000000007,0.06959935353326853,13.367949545996852,0.0,0.0,444.9135597493523,2224.56779874676,11.506492057819212,0.69991,29.89809224991862
68.0,-2.6600000000000072,0.06994822174465486,13.296289098677704,0.0,0.0,438.289659803196,2191.4482990159786,11.278648249794928,0.69991,29.674436344374314
69.0,-2.6550000000000074,0.07029883866522794,13.224986059330622,0.0,0.0,431.7643768794595,2158.8218843972963,11.055316051442311,0.69991,29.452455966230264
70.0,-2.6500000000000075,0.07065121306042906,13.154038645375909,0.0,0.0,425.3362427619576,2126.6812138097866,10.836406126904459,0.69991,29.23213855045304
71.0,-2.6450000000000076,0.07100535373963644,13.083445083124518,0.0,0.0,419.003811093396,2095.019055466979,10.621830909292955,0.69991,29.013471626525885
72.0,-2.6400000000000077,0.07136126955638551,13.01320360773372,0.0,0.0,412.7656570499355,2063.8282852496764,10.411504565659948,0.69991,28.79644281773515
73.0,-2.635000000000008,0.07171896940859022,12.943312463162972,0.0,0.0,406.6203770206001,2033.1018851029992,10.205342962663824,0.69991,28.5810398404622
74.0,-2.630000000000008,0.07207846223876553,12.873769902130014,0.0,0.0,400.5665882914587,2002.8329414572922,10.00326363291475,0.69991,28.367250503480626
75.0,-2.625000000000008,0.07243975703425089,12.804574186067205,0.0,0.0,394.60292873450885,1973.014643672543,9.80518574198662,0.69991,28.15506270725887
76.0,-2.620000000000008,0.072802862827435,12.735723585078036,0.0,0.0,388.728056501192,1943.6402825059586,9.6110300560822,0.69991,27.944464443268142
77.0,-2.615000000000008,0.07316778869598163,12.667216377893896,0.0,0.0,382.9406497204719,1914.7032486023584,9.420718910338564,0.69991,27.735443793295545
78.0,-2.6100000000000083,0.07353454376305647,12.59905085183104,0.0,0.0,377.23940620140837,1886.1970310070406,9.234176177760107,0.69991,27.52798892876248
79.0,-2.6050000000000084,0.07390313719755533,12.531225302747762,0.0,0.0,371.6230431401583,1858.1152157007903,9.051327238766728,0.69991,27.32208811004822
80.0,-2.6000000000000085,0.07427357821433325,12.463738035001803,0.0,0.0,366.0902968313398,1830.4514841566977,8.87209895134501,0.69991,27.1177296858186
81.0,-2.5950000000000086,0.07464587607443494,12.39658736140796,0.0,0.0,360.639922383693,1803.1996119184637,8.696419621790437,0.69991,26.91490209235983
82.0,-2.5900000000000087,0.07502004008532631,12.329771603195889,0.0,0.0,355.27069343997425,1776.35346719987,8.524218976028955,0.69991,26.713593852917363
83.0,-2.585000000000009,0.0753960796011271,12.263289089968161,0.0,0.0,349.9814019010207,1749.9070095051022,8.355428131506407,0.69991,26.513793577039788
84.0,-2.580000000000009,0.0757740040228448,12.197138159658476,0.0,0.0,344.77085765392275,1723.8542882696122,8.189979569634593,0.69991,26.315489959927717
85.0,-2.575000000000009,0.07615382279860965,12.131317158490134,0.0,0.0,339.6378883042436,1698.1894415212164,8.027807108782932,0.69991,26.118671781787597
86.0,-2.570000000000009,0.0765355454239108,12.065824440934676,0.0,0.0,334.58133891222565,1672.9066945611269,7.868845877804932,0.69991,25.923327907190448
87.0,-2.5650000000000093,0.07691918144183378,12.000658369670758,0.0,0.0,329.6000717329243,1648.0003586646199,7.713032290088863,0.69991,25.729447284435484
88.0,-2.5600000000000094,0.07730474044329902,11.935817315543197,0.0,0.0,324.6929659602102,1623.4648298010493,7.560304018122266,0.69991,25.53701894491852
89.0,-2.5550000000000095,0.07769223206730164,11.871299657522266,0.0,0.0,319.85891747458345,1599.2945873729154,7.410599968560114,0.69991,25.346032002505236
90.0,-2.5500000000000096,0.0780816660011524,11.807103782663155,0.0,0.0,315.09683859474194,1575.4841929737079,7.263860257786666,0.69991,25.156475652909176
91.0,-2.5450000000000097,0.07847305198071995,11.743228086065647,0.0,0.0,310.4056578328484,1552.0282891642403,7.120026187961215,0.69991,24.968339173074433
92.0,-2.54000000000001,0.07886639979067417,11.679670970834001,0.0,0.0,305.7843196534413,1528.9215982672047,6.979040223538173,0.69991,24.781611920563094
93.0,-2.53500000000001,0.07926171926473079,11.616430848037025,0.0,0.0,301.2317842359347,1506.1589211796716,6.840845968252087,0.69991,24.596283332947266
94.0,-2.53000000000001,0.07965902028589723,11.553506136668357,0.0,0.0,296.7470272406544,1483.73513620327,6.705388142558378,0.69991,24.412342927205785
95.0,-2.52500000000001,0.08005831278671974,11.490895263606934,0.0,0.0,292.3290395783571,1461.6451978917835,6.572612561520786,0.69991,24.229780299125437
96.0,-2.5200000000000102,0.0804596067495316,11.428596663577672,0.0,0.0,287.9768271831811,1439.8841359159035,6.442466113136676,0.69991,24.04858512270678
97.0,-2.5150000000000103,0.08086291220670283,11.36660877911232,0.0,0.0,283.68941078897734,1418.4470539448846,6.314896737091526,0.69991,23.868747149574435
98.0,-2.5100000000000104,0.08126823924089084,11.30493006051054,0.0,0.0,279.4658257089702,1397.329128544849,6.189853403934109,0.69991,23.690256208391904
99.0,-2.5050000000000106,0.0816755979852926,11.243558965801155,0.0,0.0,275.30512161869916,1376.525608093494,6.067286094664031,0.69991,23.513102204280752
100.0,-2.5000000000000107,0.08208499862389793,11.182493960703603,0.0,0.0,271.2063623421916,1356.0318117109562,5.947145780723464,0.69991,23.337275118244282
101.0,-2.4950000000000108,0.08249645139174411,11.121733518589574,0.0,0.0,267.1686256413193,1335.8431282065949,5.8293844043850696,0.69991,23.162765006595528
102.0,-2.490000000000011,0.08290996657517179,11.061276120444848,0.0,0.0,263.19100300829103,1315.9550150414536,5.713954859528268,0.69991,22.989562000389604
103.0,-2.485000000000011,0.08332555451208207,11.001120254831328,0.0,0.0,259.27259946123445,1296.3629973061707,5.600810972796162,0.69991,22.81765630486036
104.0,-2.480000000000011,0.08374322559219503,10.941264417849235,0.0,0.0,255.41253334282126,1277.0626667141048,5.489907485125574,0.69991,22.64703819886132
105.0,-2.475000000000011,0.08416299025730943,10.881707113099532,0.0,0.0,251.60993612189083,1258.0496806094527,5.381200033642824,0.69991,22.47769803431086
106.0,-2.4700000000000113,0.08458485900156375,10.822446851646495,0.0,0.0,247.86395219802682,1239.3197609901326,5.274645133917985,0.69991,22.309626235641552
107.0,-2.4650000000000114,0.08500884237169858,10.7634821519805,0.0,0.0,244.17373870904362,1220.8686935452165,5.170200162570531,0.69991,22.142813299253785
108.0,-2.4600000000000115,0.08543495096732025,10.704811539980989,0.0,0.0,240.53846534133868,1202.6923267066918,5.067823340219419,0.69991,21.977249792973414
109.0,-2.4550000000000116,0.08586319544116583,10.646433548879605,0.0,0.0,236.95731414306857,1184.7865707153412,4.967473714770776,0.69991,21.812926355513607
110.0,-2.4500000000000117,0.0862935864993695,10.588346719223525,0.0,0.0,233.42947934010627,1167.1473967005297,4.86911114503652,0.69991,21.649833695940735
111.0,-2.445000000000012,0.0867261349017301,10.530549598838988,0.0,0.0,229.95416715473863,1149.7708357736915,4.772696284677345,0.69991,21.48796259314431
112.0,-2.440000000000012,0.08716085146198026,10.47304074279497,0.0,0.0,226.530595627063,1132.6529781353133,4.6781905664636625,0.69991,21.327303895310976
113.0,-2.435000000000012,0.08759774704805658,10.415818713367079,0.0,0.0,223.15799443904305,1115.7899721952135,4.585556186848197,0.69991,21.167848519402444
114.0,-2.430000000000012,0.0880368325823715,10.358882080001594,0.0,0.0,219.83560474118383,1099.1780237059174,4.494756090844062,0.69991,21.009587450637433
115.0,-2.4250000000000123,0.08847811904208622,10.302229419279719,0.0,0.0,216.5626789817875,1082.8133949089358,4.405753957202269,0.69991,20.852511741977477
116.0,-2.4200000000000124,0.08892161745938523,10.245859314881985,0.0,0.0,213.33848073875112,1066.692403693754,4.318514183882748,0.69991,20.696612513616714
117.0,-2.4150000000000125,0.08936733892175208,10.189770357552844,0.0,0.0,210.1622845538684,1050.8114227693404,4.233001873813052,0.69991,20.541880952475456
118.0,-2.4100000000000126,0.08981529457224652,10.133961145065443,0.0,0.0,207.0333757695987,1035.166878847992,4.1491828209290675,0.69991,20.38830831169766
119.0,-2.4050000000000127,0.09026549560978314,10.078430282186565,0.0,0.0,203.95105036826595,1019.7552518413282,4.06702349649213,0.69991,20.235885910152177
120.0,-2.400000000000013,0.09071795328941135,10.023176380641742,0.0,0.0,200.9146148136518,1004.5730740682575,3.9864910356770804,0.69991,20.0846051319378
121.0,-2.395000000000013,0.09117267892259667,9.968198059080562,0.0,0.0,197.923385894947,989.6169294747334,3.9075532244259,0.69991,19.934457425892038
122.0,-2.390000000000013,0.09162968387750366,9.913493943042116,0.0,0.0,194.97669057302605,974.8834528651287,3.8301784865616564,0.69991,19.785434305103646
123.0,-2.385000000000013,0.09208897957927996,9.859062664920659,0.0,0.0,192.07386582901063,960.3693291450517,3.7543358711576102,0.69991,19.637527346428826
124.0,-2.380000000000013,0.09255057751034206,9.804902863931401,0.0,0.0,189.21425851508752,946.0712925754361,3.6799950401564336,0.69991,19.4907281900111
125.0,-2.3750000000000133,0.09301448921066224,9.751013186076499,0.0,0.0,186.39722520754756,931.9861260377364,3.607126256234583,0.69991,19.34502853880482
126.0,-2.3700000000000134,0.09348072627805722,9.697392284111196,0.0,0.0,183.62213206201267,918.1106603100619,3.5357003709069716,0.69991,19.200420158102283
127.0,-2.3650000000000135,0.09394930036847793,9.644038817510154,0.0,0.0,180.8883546708181,904.4417733540892,3.4656888128671883,0.69991,19.05689487506446
128.0,-2.3600000000000136,0.09442022319630106,9.590951452433924,0.0,0.0,178.19527792251816,890.9763896125895,3.397063576558593,0.69991,18.91444457825523
129.0,-2.3550000000000137,0.09489350653462181,9.53812886169562,0.0,0.0,175.5422958634835,877.7114793174162,3.329797210971721,0.69991,18.773061217179183
130.0,-2.350000000000014,0.0953691622155483,9.48556972472772,0.0,0.0,172.928811561559,864.6440578077937,3.2638628086635144,0.69991,18.6327368018229
131.0,-2.345000000000014,0.09584720213049733,9.433272727549062,0.0,0.0,170.3542369717515,851.7711848587562,3.199233994993984,0.69991,18.493463402199726
132.0,-2.340000000000014,0.09632763823049166,9.381236562731992,0.0,0.0,167.81799280391724,839.0899640195848,3.135884917576003,0.69991,18.35523314789798
133.0,-2.335000000000014,0.09681048252645884,9.329459929369678,0.0,0.0,165.31950839241904,826.5975419620939,3.0737902359340077,0.69991,18.218038227632587
134.0,-2.3300000000000143,0.09729574708953138,9.277941533043593,0.0,0.0,162.85822156772426,814.2911078386201,3.012925111367468,0.69991,18.081870888800122
135.0,-2.3250000000000144,0.09778344405134866,9.226680085791147,0.0,0.0,160.4335785299142,802.1678926495698,2.953265197015078,0.69991,17.946723437037182
136.0,-2.3200000000000145,0.0982735856043601,9.175674306073484,0.0,0.0,158.04503372407675,790.2251686203826,2.8947866281156847,0.69991,17.81258823578216
137.0,-2.3150000000000146,0.09876618400213008,9.124922918743454,0.0,0.0,155.6920497175543,778.4602485877706,2.8374660124620674,0.69991,17.679457705840292
138.0,-2.3100000000000147,0.0992612515596442,9.074424655013734,0.0,0.0,153.37409707901918,766.8704853950949,2.781280421043742,0.69991,17.54732432495201
139.0,-2.305000000000015,0.09975880065361716,9.0241782524251,0.0,0.0,151.09065425934915,755.4532712967448,2.7262073788750505,0.69991,17.41618062736459
140.0,-2.300000000000015,0.10025884372280223,8.97418245481487,0.0,0.0,148.84120747427693,744.2060373713837,2.6722248560048687,0.69991,17.286019203406987
141.0,-2.295000000000015,0.1007613932683022,8.924436012285499,0.0,0.0,146.62525058878634,733.1262529439308,2.61931125870433,0.69991,17.156832699067948
142.0,-2.290000000000015,0.10126646185388187,8.874937681173332,0.0,0.0,144.44228500322996,722.211425016149,2.567445420829048,0.69991,17.028613815577277
143.0,-2.2850000000000152,0.10177406210628219,8.825686224017517,0.0,0.0,142.291819541142,711.4590977057092,2.5166065953523744,0.69991,16.901355308990297
144.0,-2.2800000000000153,0.1022842067155359,8.776680409529055,0.0,0.0,140.17337033872155,700.866851693607,2.466774446066314,0.69991,16.77504998977544
145.0,-2.2750000000000155,0.1027969084352848,8.727919012560035,0.0,0.0,138.08646073596123,690.4323036798054,2.4179290394467694,0.69991,16.649690722404962
146.0,-2.2700000000000156,0.10331218008309859,8.679400814072991,0.0,0.0,136.03062116939657,680.1531058469822,2.3700508366798645,0.69991,16.52527042494876
147.0,-2.2650000000000157,0.10383003454079531,8.631124601110436,0.0,0.0,134.00538906645235,670.0269453322611,2.3231206858461597,0.69991,16.401782068671274
148.0,-2.2600000000000158,0.10435048475476337,8.583089166764529,0.0,0.0,132.0103087413618,660.0515437068084,2.2771198142596294,0.69991,16.27921867763141
149.0,-2.255000000000016,0.10487354373628523,8.53529331014691,0.0,0.0,130.04493129263534,650.2246564631762,2.2320298209583354,0.69991,16.15757332828551
150.0,-2.250000000000016,0.10539922456186265,8.487735836358677,0.0,0.0,128.1088145020559,640.5440725102791,2.187832669343798,0.69991,16.036839149093343
151.0,-2.245000000000016,0.10592754037354367,8.440415556460506,0.0,0.0,126.20152273517792,631.0076136758892,2.144510679966116,0.69991,15.91700932012704
152.0,-2.240000000000016,0.1064585043792511,8.393331287442935,0.0,0.0,124.32262684330776,621.6131342165384,2.1020465234519516,0.69991,15.798077072683013
153.0,-2.2350000000000163,0.10699212985311272,8.346481852196785,0.0,0.0,122.47170406694346,612.3585203347169,2.0604232135725487,0.69991,15.68003568889681
154.0,-2.2300000000000164,0.10752843013579319,8.299866079483738,0.0,0.0,120.64833794065206,603.2416897032599,2.0196241004490156,0.69991,15.562878501360869
155.0,-2.2250000000000165,0.1080674186348275,8.253482803907046,0.0,0.0,118.85211819936309,594.2605909968152,1.9796328638921519,0.69991,15.446598892745186
156.0,-2.2200000000000166,0.10860910882495618,8.207330865882403,0.0,0.0,117.08264068605727,585.4132034302861,1.9404335068741545,0.69991,15.33119029542083
157.0,-2.2150000000000167,0.10915351424846222,8.161409111608958,0.0,0.0,115.33950726082941,576.6975363041468,1.9020103491295939,0.69991,15.216646191086323
158.0,-2.210000000000017,0.10970064851550955,8.11571639304046,0.0,0.0,113.62232571130525,568.111628556526,1.864348020883098,0.69991,15.10296011039684
159.0,-2.205000000000017,0.11025052530448336,8.070251567856564,0.0,0.0,111.93070966439207,559.6535483219601,1.8274314567012384,0.69991,14.990125632596207
160.0,-2.200000000000017,0.110803158362332,8.025013499434275,0.0,0.0,110.26427849934309,551.3213924967152,1.7912458894661547,0.69991,14.878136385151699
161.0,-2.195000000000017,0.11135856150491069,7.980001056819525,0.0,0.0,108.62265726211618,543.1132863105806,1.7557768444685116,0.69991,14.766986043391583
162.0,-2.1900000000000173,0.11191674861732694,7.935213114698904,0.0,0.0,107.00547658100763,535.0273829050379,1.7210101336174213,0.69991,14.656668330145418
163.0,-2.1850000000000174,0.11247773365428762,7.890648553371525,0.0,0.0,105.41237258354198,527.0618629177097,1.686931849765019,0.69991,14.547177015387062
164.0,-2.1800000000000175,0.11304153064044789,7.846306258721036,0.0,0.0,103.84298681459914,519.2149340729956,1.6535283611434175,0.69991,14.43850591588038
165.0,-2.1750000000000176,0.11360815367076174,7.802185122187762,0.0,0.0,102.29696615576051,511.4848307788024,1.6207863059118186,0.69991,14.330648894827648
166.0,-2.1700000000000177,0.11417761691083446,7.758284040740989,0.0,0.0,100.77396274585583,503.869813729279,1.5886925868115989,0.69991,14.223599861520599
167.0,-2.165000000000018,0.11474993459727671,7.714601916851397,0.0,0.0,99.27363390269294,496.3681695134645,1.5572343659272307,0.69991,14.117352770994104
168.0,-2.160000000000018,0.11532512103806046,7.671137658463611,0.0,0.0,97.79564204595285,488.9782102297641,1.526399059550946,0.69991,14.01190162368249
169.0,-2.155000000000018,0.11590319061287668,7.627890178968908,0.0,0.0,96.33965462123275,481.69827310616364,1.4961743331490849,0.69991,13.90724046507844
170.0,-2.150000000000018,0.11648415777349484,7.584858397178049,0.0,0.0,94.90534402521989,474.5267201260993,1.4665480964281177,0.69991,13.803363385394485
171.0,-2.1450000000000182,0.11706803704412425,7.542041237294249,0.0,0.0,93.49238753197938,467.4619376598967,1.4375084984983664,0.69991,13.700264519227046
172.0,-2.1400000000000183,0.11765484302177703,7.4994376288862785,0.0,0.0,92.10046722033955,460.5023361016976,1.4090439231334908,0.69991,13.597938045223017
173.0,-2.1350000000000184,0.11824459037663324,7.457046506861712,0.0,0.0,90.72926990235835,453.64634951179164,1.381142984123843,0.69991,13.49637818574887
174.0,-2.1300000000000185,0.11883729385240743,7.414866811440286,0.0,0.0,89.37848705285472,446.8924352642735,1.3537945207218318,0.69991,13.395579206562267
175.0,-2.1250000000000187,0.11943296826671738,7.372897488127421,0.0,0.0,88.04781473998912,440.23907369994555,1.3269875931774755,0.69991,13.295535416486144
176.0,-2.1200000000000188,0.12003162851145448,7.331137487687849,0.0,0.0,86.7369535568776,433.68476778438793,1.3007114783623546,0.69991,13.196241167085269
177.0,-2.115000000000019,0.12063328955315601,7.289585766119382,0.0,0.0,85.44560855422397,427.22804277111976,1.2749556654802185,0.69991,13.097690852345233
178.0,-2.110000000000019,0.12123796643337936,7.248241284626818,0.0,0.0,84.17348917395498,420.8674458697748,1.2497098518625274,0.69991,12.999878908353882
179.0,-2.105000000000019,0.12184567426907804,7.207103009595965,0.0,0.0,82.92030918384351,414.60154591921753,1.2249639388472457,0.69991,12.902799812985142
180.0,-2.100000000000019,0.12245642825297956,7.166169912567806,0.0,0.0,81.68578661310515,408.4289330655257,1.2007080277392448,0.69991,12.806448085585247
181.0,-2.0950000000000193,0.12307024365396536,7.125440970212784,0.0,0.0,80.46964368895354,402.3482184447676,1.1769324158506909,0.69991,12.710818286661326
182.0,-2.0900000000000194,0.12368713581745241,7.084915164305217,0.0,0.0,79.27160677410032,396.3580338705015,1.153627592619842,0.69991,12.615905017572352
183.0,-2.0850000000000195,0.12430712016577695,7.0445914816978465,0.0,0.0,78.09140630518564,390.4570315259281,1.1307842358066964,0.69991,12.521702920222424
184.0,-2.0800000000000196,0.12493021219857997,7.00446891429651,0.0,0.0,76.9287767321252,384.6438836606259,1.1083932077639709,0.69991,12.428206676756373
185.0,-2.0750000000000197,0.12555642749319473,6.9645464590349295,0.0,0.0,75.78345645836042,378.91728229180194,1.086445551781922,0.69991,12.335411009257648
186.0,-2.07000000000002,0.12618578170503625,6.924823117849645,0.0,0.0,74.65518778199805,373.2759389099901,1.0649324885055413,0.69991,12.243310679448507
187.0,-2.06500000000002,0.12681829056799257,6.885297897655057,0.0,0.0,73.54371683782621,367.7185841891309,1.0438454124226968,0.69991,12.151900488392474
188.0,-2.06000000000002,0.1274539698948182,6.845969810318606,0.0,0.0,72.44879354019363,362.243967700968,1.0231758884218136,0.69991,12.06117527619902
189.0,-2.05500000000002,0.12809283557752943,6.8068378726360566,0.0,0.0,71.37017152673931,356.8508576336964,1.0029156484177164,0.69991,11.971129921730494
190.0,-2.0500000000000203,0.12873490358780162,6.767901106306929,0.0,0.0,70.30760810295995,351.5380405147996,0.9830565880442854,0.69991,11.881759342311275
191.0,-2.0450000000000204,0.12938018997736844,6.729158537910037,0.0,0.0,69.26086418760268,346.3043209380133,0.9635907634126017,0.69991,11.793058493439105
192.0,-2.0400000000000205,0.13002871087842324,6.690609198879156,0.0,0.0,68.22970425887077,341.14852129435377,0.9445103879332861,0.69991,11.705022368498602
193.0,-2.0350000000000206,0.13068048250402237,6.652252125478798,0.0,0.0,67.21389630143021,336.069481507151,0.9258078292017591,0.69991,11.617645998476958
194.0,-2.0300000000000207,0.13133552114849037,6.614086358780131,0.0,0.0,66.21321175420532,331.0660587710265,0.9074756059451775,0.69991,11.530924451681761
195.0,-2.025000000000021,0.13199384318782748,6.576110944637002,0.0,0.0,65.22742545895147,326.13712729475725,0.8895063850298258,0.69991,11.444852833460967
196.0,-2.020000000000021,0.13265546508011894,6.53832493366208,0.0,0.0,64.25631560959361,321.28157804796797,0.8718929785277645,0.69991,11.359426285924968
197.0,-2.015000000000021,0.13332040336594658,6.500727381203119,0.0,0.0,63.299663702318924,316.4983185115945,0.8546283408415632,0.69991,11.274639987670781
198.0,-2.010000000000021,0.13398867466880213,6.463317347319353,0.0,0.0,62.35725448641254,311.7862724320626,0.8377055658859681,0.69991,11.190489153508306
199.0,-2.005000000000021,0.134660295695503,6.426093896757982,0.0,0.0,61.42887591582526,307.1443795791262,0.8211178843253752,0.69991,11.106969034188653
200.0,-2.0000000000000213,0.13533528323660982,6.389056098930808,0.0,0.0,60.51431910146224,302.57159550731114,0.8048586608660063,0.69991,11.024074916134527
201.0,-1.9950000000000214,0.13601365416684624,6.352203027890954,0.0,0.0,59.61337826418212,298.06689132091054,0.7889213916017026,0.69991,10.941802121172643
202.0,-1.9900000000000215,0.1366954254455209,6.315533762309724,0.0,0.0,58.725850688495804,293.62925344247896,0.773299701412276,0.69991,10.860146006268163
203.0,-1.9850000000000216,0.13738061411695127,6.279047385453571,0.0,0.0,57.85153667695465,289.2576833847732,0.7579873414133758,0.69991,10.779101963261152
204.0,-1.9800000000000217,0.1380692373108898,6.24274298516117,0.0,0.0,56.990239505217694,284.95119752608844,0.7429781864568513,0.69991,10.698665418604993
205.0,-1.9750000000000218,0.1387613122429522,6.206619653820626,0.0,0.0,56.14176537778783,280.70882688893914,0.7282662326806116,0.69991,10.618831833106809
206.0,-1.970000000000022,0.13945685621504786,6.170676488346771,0.0,0.0,55.30592338440702,276.52961692203513,0.7138455951070002,0.69991,10.539596701669838
207.0,-1.965000000000022,0.14015588661581227,6.134912590158598,0.0,0.0,54.48252545710069,272.41262728550345,0.6997105052887254,0.69991,10.460955553037731
208.0,-1.9600000000000222,0.14085842092104187,6.099327065156791,0.0,0.0,53.67138632786161,268.3569316393081,0.6858553090014049,0.69991,10.38290394954082
209.0,-1.9550000000000223,0.1415644766941309,6.063919023701367,0.0,0.0,52.87232348696384,264.3616174348192,0.6722744639818005,0.69991,10.30543748684426
210.0,-1.9500000000000224,0.1422740715865104,6.02868758058945,0.0,0.0,52.08515714189726,260.4257857094863,0.6589625377108386,0.69991,10.22855179369811
211.0,-1.9450000000000225,0.14298722333808966,5.993631855033127,0.0,0.0,51.309710176913505,256.54855088456753,0.6459142052405306,0.69991,10.152242531689268
212.0,-1.9400000000000226,0.14370394977769968,5.958750970637429,0.0,0.0,50.545808113174154,252.72904056587075,0.6331242470639225,0.69991,10.07650539499531
213.0,-1.9350000000000227,0.1444242688235387,5.924044055378434,0.0,0.0,49.79327906949227,248.96639534746134,0.6205875470272223,0.69991,10.001336110140166
214.0,-1.9300000000000228,0.14514819848362043,5.8895102415814495,0.0,0.0,49.05195372365843,245.25976861829213,0.6082990902832709,0.69991,9.926730435751638
215.0,-1.925000000000023,0.14587575685622403,5.8551486658993355,0.0,0.0,48.32166527434246,241.60832637171228,0.5962539612855356,0.69991,9.85268416232078
216.0,-1.920000000000023,0.14660696213034677,5.820958469290907,0.0,0.0,47.60224940356248,238.0112470178124,0.5844473418218268,0.69991,9.77919311196305
217.0,-1.9150000000000231,0.14734183258615854,5.786938796999469,0.0,0.0,46.893544239712654,234.46772119856323,0.5728745090869478,0.69991,9.706253138181298
218.0,-1.9100000000000232,0.14808038659545902,5.753088798531443,0.0,0.0,46.19539032114137,230.9769516057068,0.5615308337935109,0.69991,9.63386012563053
219.0,-1.9050000000000233,0.1488226426221369,5.719407627635105,0.0,0.0,45.50763056027172,227.53815280135856,0.5504117783201599,0.69991,9.562009989884457
220.0,-1.9000000000000234,0.14956861922263154,5.685894442279427,0.0,0.0,44.830110208256144,224.15055104128066,0.5395128948964615,0.69991,9.49069867720379
221.0,-1.8950000000000236,0.15031833504639677,5.652548404633029,0.0,0.0,44.16267682015725,220.8133841007862,0.5288298238237377,0.69991,9.419922164306298
222.0,-1.8900000000000237,0.15107180883636728,5.619368681043233,0.0,0.0,43.5051802206471,217.52590110323544,0.518358291731128,0.69991,9.349676458138603
223.0,-1.8850000000000238,0.15182905942942698,5.586354442015225,0.0,0.0,42.85747247021708,214.28736235108536,0.5080941098661846,0.69991,9.27995759564968
224.0,-1.8800000000000239,0.15259010575688023,5.553504862191305,0.0,0.0,42.21940783189094,211.09703915945465,0.4980331724193151,0.69991,9.21076164356609
225.0,-1.875000000000024,0.15335496684492478,5.52081912033027,0.0,0.0,41.590842738433324,207.95421369216655,0.4881714548814039,0.69991,9.14208469816889
226.0,-1.870000000000024,0.1541236618151277,5.488296399286868,0.0,0.0,40.97163576004654,204.85817880023262,0.47850501243395527,0.69991,9.073922885072239
227.0,-1.8650000000000242,0.1548962098849033,5.455935885991381,0.0,0.0,40.36164757254827,201.8082378627413,0.4690299783711131,0.69991,9.006272359003672
228.0,-1.8600000000000243,0.15567263036799353,5.42373677142929,0.0,0.0,39.76074092602305,198.8037046301152,0.4597425625529271,0.69991,8.939129303586025
229.0,-1.8550000000000244,0.1564529426749509,5.391698250621055,0.0,0.0,39.16878061394042,195.84390306970207,0.4506390498892462,0.69991,8.87248993112102
230.0,-1.8500000000000245,0.15723716631362375,5.359819522601988,0.0,0.0,38.585633442732934,192.92816721366464,0.44171579885363293,0.69991,8.80635048237447
231.0,-1.8450000000000246,0.1580253208896439,5.328099790402225,0.0,0.0,38.011168201827005,190.055841009135,0.4329692400267045,0.69991,8.740707226363106
232.0,-1.8400000000000247,0.15881742610691676,5.296538261026813,0.0,0.0,37.44525563412,187.22627817059998,0.4243958746683173,0.69991,8.675556460143028
233.0,-1.8350000000000248,0.15961350176811406,5.26513414543587,0.0,0.0,36.88776840689683,184.43884203448414,0.41599227331802424,0.69991,8.610894508599731
234.0,-1.830000000000025,0.16041356777516877,5.233886658524873,0.0,0.0,36.33858108317956,181.6929054158978,0.40775507442324477,0.69991,8.546717724239729
235.0,-1.825000000000025,0.1612176441297727,5.202795019105021,0.0,0.0,35.79757009350356,178.9878504675178,0.39968098299459914,0.69991,8.483022486983751
236.0,-1.8200000000000252,0.1620257509338767,5.171858449883708,0.0,0.0,35.26461370811385,176.32306854056924,0.39176676928786863,0.69991,8.41980520396149
237.0,-1.8150000000000253,0.16283790839019285,5.141076177445094,0.0,0.0,34.73959200957539,173.69796004787693,0.3840092675120549,0.69991,8.357062309307905
238.0,-1.8100000000000254,0.1636541368026999,5.110447432230765,0.0,0.0,34.22238686579116,171.11193432895578,0.3764053745630213,0.69991,8.294790263961067
239.0,-1.8050000000000255,0.1644744565771507,5.079971448520493,0.0,0.0,33.71288190342193,168.56440951710962,0.3689520487822099,0.69991,8.232985555461513
240.0,-1.8000000000000256,0.1652988882215823,5.049647464413101,0.0,0.0,33.21096248170178,166.05481240850887,0.3616463087399374,0.69991,8.17164469775313
241.0,-1.7950000000000257,0.16612745234682877,5.019474721807405,0.0,0.0,32.71651566664342,163.58257833321707,0.3544852320427837,0.69991,8.110764230985538
242.0,-1.7900000000000258,0.1669601696670364,4.989452466383268,0.0,0.0,32.2294302056276,161.14715102813798,0.3474659541645954,0.69991,8.050340721317953
243.0,-1.785000000000026,0.16779706100018155,4.959579947582742,0.0,0.0,31.749596502370785,158.7479825118539,0.3405856673006372,0.69991,7.990370760724547
244.0,-1.780000000000026,0.1686381472685911,4.9298564185913,0.0,0.0,31.27690659226551,156.38453296132755,0.3338416192444327,0.69991,7.930850966801261
245.0,-1.7750000000000261,0.16948344949946567,4.90028113631917,0.0,0.0,30.811254118087927,154.05627059043962,0.3272311122868447,0.69991,7.871777982574085
246.0,-1.7700000000000262,0.17033298882540496,4.870853361382755,0.0,0.0,30.35253430606694,151.7626715303347,0.3207515021369562,0.69991,7.813148476308778
247.0,-1.7650000000000263,0.17118678648493643,4.841572358086148,0.0,0.0,29.9006439423097,149.5032197115485,0.3144001968643183,0.69991,7.754959141322033
248.0,-1.7600000000000264,0.17204486382304598,4.8124373944027425,0.0,0.0,29.455481349578015,147.2774067478901,0.30817465586214365,0.69991,7.697206695794049
249.0,-1.7550000000000265,0.17290724229171178,4.783447741956929,0.0,0.0,29.01694636441057,145.08473182205287,0.30207238883102977,0.69991,7.639887882582537
250.0,-1.7500000000000266,0.1737739434504405,4.7546026760058835,0.0,0.0,28.584940314585698,142.9247015729285,0.2960909547828062,0.69991,7.582999469038115
251.0,-1.7450000000000268,0.1746449889668062,4.725901475421459,0.0,0.0,28.159365996919735,140.7968299845987,0.29022796106410664,0.69991,7.526538246821101
252.0,-1.7400000000000269,0.17552040061699214,4.697343422672144,0.0,0.0,27.74012765539588,138.70063827697945,0.2844810623992757,0.69991,7.470501031719683
253.0,-1.735000000000027,0.17640020028633524,4.668927803805133,0.0,0.0,27.3271309596187,136.63565479809355,0.2788479599522272,0.69991,7.414884663469475
254.0,-1.730000000000027,0.177284409969873,4.640653908428474,0.0,0.0,26.920282983589377,134.60141491794695,0.2733264004068796,0.69991,7.359686005574405
255.0,-1.7250000000000272,0.17817305177289358,4.612521029693309,0.0,0.0,26.519492184796984,132.59746092398498,0.26791417506579884,0.69991,7.304901945128987
256.0,-1.7200000000000273,0.17906614791148834,4.5845284642762065,0.0,0.0,26.12466838362102,130.62334191810515,0.2626091189666904,0.69991,7.250529392641911
257.0,-1.7150000000000274,0.17996372071310726,4.556675512361571,0.0,0.0,25.73572274304062,128.67861371520314,0.25740911001638545,0.69991,7.196565281860973
258.0,-1.7100000000000275,0.1808657926171171,4.528961477624156,0.0,0.0,25.35256774864585,126.7628387432293,0.25231206814197504,0.69991,7.1430065695993195
259.0,-1.7050000000000276,0.1817723861753625,4.501385667211648,0.0,0.0,24.975117188946598,124.87558594473303,0.24731595445875354,0.69991,7.089850235563005
260.0,-1.7000000000000277,0.18268352405272958,4.473947391727352,0.0,0.0,24.603286135974624,123.01643067987317,0.2424187704546373,0.69991,7.037093282179852
261.0,-1.6950000000000278,0.18359922902771278,4.446645965212949,0.0,0.0,24.236990926174407,121.18495463087208,0.23761855719073335,0.69991,6.984732734429601
262.0,-1.690000000000028,0.1845195239929841,4.419480705131358,0.0,0.0,23.87614914157849,119.38074570789252,0.23291339451773763,0.69991,6.932765639675331
263.0,-1.685000000000028,0.1854444319559657,4.392450932349659,0.0,0.0,23.5206795912631,117.60339795631556,0.2283014003078497,0.69991,6.881189067496171
264.0,-1.6800000000000281,0.18637397603940473,4.3655559711221255,0.0,0.0,23.170502293079835,115.85251146539923,0.22378072970189655,0.69991,6.830000109521253
265.0,-1.6750000000000282,0.18730817948195172,4.338795149073327,0.0,0.0,22.82553845565935,114.12769227829679,0.21934957437136426,0.69991,6.779195879264922
266.0,-1.6700000000000284,0.18824706563874144,4.312167797181318,0.0,0.0,22.48571046068296,112.42855230341485,0.2150061617950426,0.69991,6.728773511963202
267.0,-1.6650000000000285,0.18919065798197665,4.285673249760913,0.0,0.0,22.150941845418203,110.75470922709107,0.21074875454999276,0.69991,6.678730164411477
268.0,-1.6600000000000286,0.1901389801015151,4.259310844447049,0.0,0.0,21.821157285514396,109.10578642757203,0.2065756496165552,0.69991,6.629063014803398
269.0,-1.6550000000000287,0.19109205570545917,4.233079922178218,0.0,0.0,21.49628257805433,107.4814128902717,0.2024851776971189,0.69991,6.57976926257102
270.0,-1.6500000000000288,0.19204990862074858,4.206979827179999,0.0,0.0,21.176244624858317,105.88122312429164,0.1984757025483802,0.69991,6.530846128226121
271.0,-1.6450000000000289,0.19301256279375614,4.181009906948655,0.0,0.0,20.86097141603678,104.30485708018394,0.19454562032682357,0.69991,6.482290853202735
272.0,-1.640000000000029,0.19398004229088628,4.15516951223483,0.0,0.0,20.55039201378772,102.75196006893864,0.19069335894716283,0.69991,6.434100699700866
273.0,-1.635000000000029,0.19495237129917684,4.12945799702731,0.0,0.0,20.244436536435433,101.22218268217719,0.18691737745348613,0.69991,6.386272950531374
274.0,-1.6300000000000292,0.19592957412690362,4.103874718536875,0.0,0.0,19.943036142706806,99.71518071353407,0.18321616540285302,0.69991,6.338804908962039
275.0,-1.6250000000000293,0.19691167520418829,4.07841903718023,0.0,0.0,19.64612301624177,98.23061508120888,0.1795882422610971,0.69991,6.291693898564778
276.0,-1.6200000000000294,0.19789869908360885,4.053090316564016,0.0,0.0,19.353630350334313,96.76815175167161,0.17603215681059264,0.69991,6.244937263064018
277.0,-1.6150000000000295,0.19889067044081377,4.027887923468898,0.0,0.0,19.065492332900703,95.32746166450356,0.17254648656974822,0.69991,6.198532366186209
278.0,-1.6100000000000296,0.19988761407513858,4.002811227833736,0.0,0.0,18.78164413167148,93.90822065835744,0.16912983722399502,0.69991,6.152476591510471
279.0,-1.6050000000000297,0.20088955491022611,3.9778596027398327,0.0,0.0,18.502021879603927,92.51010939801968,0.16578084206804253,0.69991,6.106767342320366
280.0,-1.6000000000000298,0.2018965179946494,3.9530324243952624,0.0,0.0,18.226562660511718,91.13281330255863,0.16249816145917814,0.69991,6.0614020414567875
281.0,-1.59500000000003,0.202908528502538,3.928329072119272,0.0,0.0,17.955204494908507,89.77602247454259,0.15928048228139222,0.69991,6.016378131171956
282.0,-1.59000000000003,0.2039256117342073,3.9037489283267695,0.0,0.0,17.687886326062287,88.43943163031149,0.15612651742011416,0.69991,5.97169307298452
283.0,-1.5850000000000302,0.20494779311679112,3.879291378512878,0.0,0.0,17.42454800625736,87.12274003128687,0.15303500524734945,0.69991,5.927344347535738
284.0,-1.5800000000000303,0.20597509820487722,3.8549558112375806,0.0,0.0,17.165130283260858,85.82565141630434,0.15000470911701164,0.69991,5.883329454446754
285.0,-1.5750000000000304,0.20700755268114635,3.8307416181104257,0.0,0.0,16.909574786990724,84.54787393495367,0.14703441687024738,0.69991,5.839645912176943
286.0,-1.5700000000000305,0.20804518235701414,3.8066481937753247,0.0,0.0,16.657824016382218,83.28912008191114,0.14412294035055676,0.69991,5.796291257883324
287.0,-1.5650000000000306,0.20908801317327655,3.7826749358954146,0.0,0.0,16.409821326449915,82.04910663224963,0.14126911492851488,0.69991,5.753263047281026
288.0,-1.5600000000000307,0.21013607120075828,3.758821245138,0.0,0.0,16.165510915542363,80.82755457771187,0.13847179903590448,0.69991,5.710558854504818
289.0,-1.5550000000000308,0.21118938264096465,3.735086525159569,0.0,0.0,15.92483781278646,79.62418906393235,0.13572987370907352,0.69991,5.668176271971667
290.0,-1.550000000000031,0.2122479738267365,3.7114701825908867,0.0,0.0,15.687747865718787,78.43873932859398,0.13304224214133475,0.69991,5.6261129102443395
291.0,-1.545000000000031,0.2133118712229086,3.6879716270221587,0.0,0.0,15.454187728101067,77.27093864050538,0.13040782924422842,0.69991,5.584366397896025
292.0,-1.5400000000000311,0.21438110142697128,3.6645902709882714,0.0,0.0,15.224104847917042,76.12052423958525,0.12782558121747256,0.69991,5.54293438137598
293.0,-1.5350000000000312,0.21545569116973534,3.6413255299541056,0.0,0.0,14.997447455548047,74.98723727774028,0.12529446512742887,0.69991,5.501814524876187
294.0,-1.5300000000000313,0.21653566731600027,3.618176822299926,0.0,0.0,14.774164552124622,73.87082276062316,0.12281346849391538,0.69991,5.4610045101990075
295.0,-1.5250000000000314,0.21762105686522604,3.595143569306833,0.0,0.0,14.55420589805156,72.77102949025785,0.12038159888520099,0.69991,5.420502036625839
296.0,-1.5200000000000315,0.21871188695220786,3.5722251951423036,0.0,0.0,14.337522001703778,71.68761000851893,0.11799788352101949,0.69991,5.380304820786759
297.0,-1.5150000000000317,0.21980818484775475,3.5494211268457896,0.0,0.0,14.124064108290497,70.62032054145253,0.1156613688834445,0.69991,5.340410596531147
298.0,-1.5100000000000318,0.22090997795937117,3.526730794314396,0.0,0.0,13.91378418888521,69.56892094442608,0.11337112033546957,0.69991,5.300817114799276
299.0,-1.5050000000000319,0.22201729383194233,3.504153630288628,0.0,0.0,13.706634929618962,68.53317464809486,0.11112622174714097,0.69991,5.261522143494883
300.0,-1.500000000000032,0.22313016014842268,3.4816890703382084,0.0,0.0,13.502569721034545,67.51284860517276,0.10892577512909339,0.69991,5.2225234673586804
301.0,-1.495000000000032,0.22424860473052813,3.4593365528479687,0.0,0.0,13.301542647599158,66.50771323799583,0.10676890027334233,0.69991,5.1838188878428335
302.0,-1.4900000000000322,0.22537265553943148,3.4370955190038073,0.0,0.0,13.103508477373227,65.51754238686618,0.10465473440118912,0.69991,5.14540622298637
303.0,-1.4850000000000323,0.22650234067646147,3.41496541277872,0.0,0.0,12.908422651833028,64.54211325916519,0.10258243181809794,0.69991,5.107283307291536
304.0,-1.4800000000000324,0.22763768838380535,3.392945680918899,0.0,0.0,12.716241275844826,63.581206379224184,0.10055116357540672,0.69991,5.069447991601072
305.0,-1.4750000000000325,0.228778727045215,3.3710357729298996,0.0,0.0,12.52692110778829,62.6346055389415,0.09856011713873666,0.69991,5.0318981429764165
306.0,-1.4700000000000326,0.22992548518671635,3.3492351410628824,0.0,0.0,12.340419549826944,61.702097749134765,0.0966084960629676,0.69991,4.994631644576828
307.0,-1.4650000000000327,0.23107799147732264,3.3275432403009146,0.0,0.0,12.15669463832347,60.7834731916174,0.0946955196736494,0.69991,4.9576463955394034
308.0,-1.4600000000000328,0.2322362747297512,3.3059595283453476,0.0,0.0,11.975705034397723,59.87852517198866,0.09282042275472172,0.69991,4.920940310860013
309.0,-1.455000000000033,0.23340036390114366,3.284483465602257,0.0,0.0,11.797410014625298,58.98705007312654,0.09098245524241737,0.69991,4.884511321275113
310.0,-1.450000000000033,0.2345702880937899,3.263114515168958,0.0,0.0,11.621769461874592,58.10884730937301,0.08918088192522688,0.69991,4.848357373144463
311.0,-1.4450000000000331,0.23574607655585572,3.2418521428205755,0.0,0.0,11.448743856280283,57.24371928140146,0.08741498214980403,0.69991,4.8124764283347075
312.0,-1.4400000000000333,0.23692775868211388,3.2206958169966935,0.0,0.0,11.278294266351185,56.39147133175597,0.08568404953269493,0.69991,4.776866464103843
313.0,-1.4350000000000334,0.2381153640146791,3.199645008788064,0.0,0.0,11.11038234021051,55.55191170105259,0.08398739167777519,0.69991,4.741525472986546
314.0,-1.4300000000000335,0.23930892224374653,3.1786991919233856,0.0,0.0,10.944970296966522,54.72485148483265,0.08232432989928229,0.69991,4.7064514626803655
315.0,-1.4250000000000336,0.24050846320833405,3.1578578427561474,0.0,0.0,10.782020918211687,53.91010459105848,0.08069419895033217,0.69991,4.671642455932763
316.0,-1.4200000000000337,0.24171401689702832,3.1371204402515316,0.0,0.0,10.62149753964837,53.10748769824189,0.07909634675681165,0.69991,4.637096490429008
317.0,-1.4150000000000338,0.24292561344873426,3.1164864659733986,0.0,0.0,10.46336404283921,52.31682021419609,0.07753013415654009,0.69991,4.6028116186809065
318.0,-1.410000000000034,0.24414328315342881,3.095955404071315,0.0,0.0,10.307584847080326,51.53792423540167,0.07599493464359594,0.69991,4.568785907916369
319.0,-1.405000000000034,0.245367056452918,3.075526741267664,0.0,0.0,10.154124901395503,50.770624506977555,0.07449013411770611,0.69991,4.535017439969802
320.0,-1.400000000000034,0.24659696394159808,3.055199966844813,0.0,0.0,10.002949676649578,50.01474838324793,0.0730151306385976,0.69991,4.501504311173325
321.0,-1.3950000000000342,0.24783303636722026,3.0349745726323407,0.0,0.0,9.854025157779237,49.270125788896216,0.07156933418521338,0.69991,4.468244632248801
322.0,-1.3900000000000343,0.24907530463165964,3.0148500529943396,0.0,0.0,9.707317836139481,48.53658918069744,0.07015216641969614,0.69991,4.435236528200671
323.0,-1.3850000000000344,0.2503237997916875,2.99482590481677,0.0,0.0,9.562794701964044,47.81397350982026,0.06876306045604537,0.69991,4.402478138209598
324.0,-1.3800000000000345,0.2515785530597478,2.974901627494886,0.0,0.0,9.420423236938055,47.10211618469031,0.06740146063335546,0.69991,4.369967615526906
325.0,-1.3750000000000346,0.2528395958047377,2.9550767229207144,0.0,0.0,9.280171406881273,46.40085703440641,0.06606682229354392,0.69991,4.3377031273697995
326.0,-1.3700000000000347,0.2541069595527915,2.9353506954706092,0.0,0.0,9.142007654540272,45.71003827270141,0.06475861156348084,0.69991,4.305682854817386
327.0,-1.3650000000000349,0.2553806759880688,2.9157230519928583,0.0,0.0,9.00590089248792,45.029504462439654,0.06347630514143257,0.69991,4.27390499270745
328.0,-1.360000000000035,0.2566607769535469,2.896193301795351,0.0,0.0,8.871820496128576,44.35910248064293,0.06221939008773405,0.69991,4.242367749534028
329.0,-1.355000000000035,0.25794729445181663,2.8767609566333148,0.0,0.0,8.739736296807429,43.698681484037195,0.060987363619606064,0.69991,4.211069347345724
330.0,-1.3500000000000352,0.2592402606458824,2.85742553069711,0.0,0.0,8.609618575022422,43.04809287511216,0.05977973291003546,0.69991,4.1800080216448
331.0,-1.3450000000000353,0.26053970785996644,2.8381865406000797,0.0,0.0,8.481438053737241,42.40719026868626,0.05859601489063776,0.69991,4.149182021287013
332.0,-1.3400000000000354,0.2618456685803167,2.819043505366471,0.0,0.0,8.355165891793856,41.77582945896933,0.05743573605842338,0.69991,4.118589608382203
333.0,-1.3350000000000355,0.2631581754560194,2.799995946419404,0.0,0.0,8.230773677423139,41.15386838711575,0.05629843228639009,0.69991,4.088229058195626
334.0,-1.3300000000000356,0.2644772612998145,2.7810433875689156,0.0,0.0,8.108233421852097,40.541167109260535,0.05518364863786607,0.69991,4.058098659050011
335.0,-1.3250000000000357,0.2658029590889171,2.762185355000045,0.0,0.0,7.9875175530062785,39.937587765031445,0.054090939184529126,0.69991,4.028196712228366
336.0,-1.3200000000000358,0.2671353019658408,2.7434213772609968,0.0,0.0,7.868598909305944,39.34299454652977,0.05301986682802946,0.69991,3.998521531877491
337.0,-1.315000000000036,0.26847432323922693,2.7247509852513505,0.0,0.0,7.751450733554591,38.75725366777301,0.051970003125144486,0.69991,3.9690714449122204
338.0,-1.310000000000036,0.26982005638467715,2.7061737122103318,0.0,0.0,7.6360466669184754,38.18023333459243,0.05094092811639581,0.69991,3.9398447909203775
339.0,-1.3050000000000361,0.2711725350455901,2.6876890937051496,0.0,0.0,7.522360742995763,37.61180371497886,0.04993223015805987,0.69991,3.9108399220684333
340.0,-1.3000000000000362,0.2725317930340027,2.6692966676193772,0.0,0.0,7.410367381973975,37.05183690986992,0.048943505757504946,0.69991,3.882055203007869
341.0,-1.2950000000000363,0.2738978643314356,2.650995974141405,0.0,0.0,7.3000413848744286,36.500206924372186,0.04797435941178871,0.69991,3.8534890107822375
342.0,-1.2900000000000365,0.2752707830897423,2.6327865557529417,0.0,0.0,7.191357927882357,35.956789639411824,0.04702440344945181,0.69991,3.8251397347349125
343.0,-1.2850000000000366,0.27665058363196326,2.61466795721758,0.0,0.0,7.0842925567614445,35.421462783807264,0.046093257875444084,0.69991,3.797005776417525
344.0,-1.2800000000000367,0.2780373004531839,2.5966397255694136,0.0,0.0,6.978821181351525,34.894105906757666,0.04518055021912151,0.69991,3.7690855494990787
345.0,-1.2750000000000368,0.27943096822139707,2.5787014101017105,0.0,0.0,6.874920070148191,34.37460035074099,0.04428591538525295,0.69991,3.7413774796757426
346.0,-1.2700000000000369,0.2808316217783694,2.560852562355652,0.0,0.0,6.772565844963105,33.86282922481556,0.043408995507977194,0.69991,3.7138800045813114
347.0,-1.265000000000037,0.2822392961405129,2.5430927361091125,0.0,0.0,6.67173547566381,33.358677378319086,0.04254943980765187,0.69991,3.6865915736983284
348.0,-1.260000000000037,0.28365402649975985,2.525421487365513,0.0,0.0,6.5724062749918515,32.862031374959294,0.04170690445053689,0.69991,3.6595106482698694
349.0,-1.2550000000000372,0.285075848224443,2.507838374342713,0.0,0.0,6.47455589345805,32.372779467290286,0.040881052411256356,0.69991,3.632635701211982
350.0,-1.2500000000000373,0.28650479686017943,2.4903429574619715,0.0,0.0,6.37816231431377,31.890811571568882,0.04007155333798395,0.69991,3.605965217026764
351.0,-1.2450000000000374,0.2879409081307595,2.4729347993369553,0.0,0.0,6.283203848597059,31.41601924298532,0.039278083420297774,0.69991,3.579497691716101
352.0,-1.2400000000000375,0.2893842179390398,2.455613464762805,0.0,0.0,6.189659130252538,30.94829565126272,0.03850032525965187,0.69991,3.5532316326960216
353.0,-1.2350000000000376,0.29083476236784067,2.4383785207052537,0.0,0.0,6.097507111323955,30.4875355566198,0.03773796774241259,0.69991,3.5271655587117055
354.0,-1.2300000000000377,0.2922925776808484,2.4212295362898026,0.0,0.0,6.006727057218298,30.033635286091517,0.03699070591540895,0.69991,3.501297999753102
355.0,-1.2250000000000378,0.2937577003235217,2.4041660827909475,0.0,0.0,5.917298542040431,29.58649271020218,0.036258240863947334,0.69991,3.475627496971185
356.0,-1.220000000000038,0.295230166924003,2.387187733621463,0.0,0.0,5.829201443997175,29.146007219985904,0.03554027959224163,0.69991,3.450152602594815
357.0,-1.215000000000038,0.296710014294034,2.3702940643217354,0.0,0.0,5.742415940869827,28.71207970434916,0.03483653490621099,0.69991,3.4248718798482183
358.0,-1.2100000000000382,0.298197279429876,2.3534846525491515,0.0,0.0,5.6569225055540695,28.284612527770374,0.03414672529859837,0.69991,3.3997839028690753
359.0,-1.2050000000000383,0.2996919995132349,2.3367590780675425,0.0,0.0,5.572701901666295,27.8635095083315,0.03347057483636389,0.69991,3.3748872566272077
360.0,-1.2000000000000384,0.30119421191219053,2.320116922736675,0.0,0.0,5.489735179215336,27.448675896076708,0.03280781305030794,0.69991,3.3501805368438653
361.0,-1.1950000000000385,0.30270395418213125,2.3035577705017984,0.0,0.0,5.40800367033864,27.040018351693224,0.03215817482687986,0.69991,3.325662349911606
362.0,-1.1900000000000386,0.3042212640666923,2.287081207383245,0.0,0.0,5.327488985101916,26.637444925509605,0.031521400302129035,0.69991,3.3013313128147583
363.0,-1.1850000000000387,0.3057461794986999,2.2706868214660787,0.0,0.0,5.24817300736133,26.24086503680667,0.030897234757755812,0.69991,3.2771860530504804
364.0,-1.1800000000000388,0.3072787386011193,2.2543742028897973,0.0,0.0,5.170037890687286,25.850189453436453,0.0302854285192208,0.69991,3.2532252085503783
365.0,-1.175000000000039,0.30881897968800787,2.238142943838086,0.0,0.0,5.093066054348914,25.465330271744595,0.02968573685587173,0.69991,3.229447427602715
366.0,-1.170000000000039,0.3103669412654729,2.2219926385286257,0.0,0.0,5.017240179358326,25.08620089679165,0.029097919883047905,0.69991,3.2058513687751766
367.0,-1.1650000000000391,0.3119226620326346,2.20592288320294,0.0,0.0,4.942543204573768,24.712716022868864,0.028521742466123177,0.69991,3.1824357008382096
368.0,-1.1600000000000392,0.313486180882593,2.1899332761163097,0.0,0.0,4.8689583228608,24.344791614304025,0.027956974126448934,0.69991,3.1591991026889117
369.0,-1.1550000000000393,0.31505753690340094,2.174023417527725,0.0,0.0,4.796468977310613,23.982344886553086,0.02740338894915957,0.69991,3.136140263275484
370.0,-1.1500000000000394,0.31663676937904073,2.1581929096898924,0.0,0.0,4.725058857514653,23.625294287573286,0.02686076549280354,0.69991,3.113257881522224
371.0,-1.1450000000000395,0.3182239177904065,2.1424413568392913,0.0,0.0,4.654711895894717,23.273559479473608,0.026328886700763807,0.69991,3.0905506662550764
372.0,-1.1400000000000396,0.31981902181629124,2.1267683651862797,0.0,0.0,4.585412264087676,22.9270613204384,0.025807539814432328,0.69991,3.06801733612771
373.0,-1.1350000000000398,0.3214221213343786,2.111173542905251,0.0,0.0,4.5171443693840265,22.58572184692015,0.025296516288103747,0.69991,3.045656619548144
374.0,-1.1300000000000399,0.32303325642224007,2.095656500124835,0.0,0.0,4.449892851219466,22.249464256097344,0.02479561170555435,0.69991,3.023467254605897
375.0,-1.12500000000004,0.32465246735833675,2.0802168489181545,0.0,0.0,4.3836425777187,21.918212888593516,0.024304625698272846,0.69991,3.00144798899967
376.0,-1.12000000000004,0.3262797946230264,2.0648542032931245,0.0,0.0,4.318378642290709,21.59189321145356,0.023823361865310283,0.69991,2.979597579965544
377.0,-1.1150000000000402,0.3279152788995754,2.0495681791828058,0.0,0.0,4.254086360274699,21.270431801373512,0.023351627694717065,0.69991,2.9579147942057045
378.0,-1.1100000000000403,0.3295589610751758,2.034358394435798,0.0,0.0,4.1907512656359955,20.953756328179992,0.02288923448653559,0.69991,2.9363984078176744
379.0,-1.1050000000000404,0.3312108822419676,2.0192244688066907,0.0,0.0,4.128359107711119,20.64179553855561,0.02243599727731777,0.69991,2.9150472062240573
380.0,-1.1000000000000405,0.33287108369806606,2.004166023946555,0.0,0.0,4.066895848001329,20.334479240006658,0.021991734766137156,0.69991,2.893859984102786
381.0,-1.0950000000000406,0.334539606948594,1.989182683393485,0.0,0.0,4.006347657013904,20.03173828506953,0.021556269242066183,0.69991,2.8728355453178716
382.0,-1.0900000000000407,0.33621649370671963,1.9742740725631864,0.0,0.0,3.9467009111504416,19.73350455575222,0.02112942651308941,0.69991,2.8519727028506514
383.0,-1.0850000000000408,0.3379017858946992,1.9594398187396127,0.0,0.0,3.887942189641499,19.439710948207505,0.0207110358364244,0.69991,2.831270278731523
384.0,-1.080000000000041,0.33959552564492523,1.9446795510656445,0.0,0.0,3.8300582715268576,19.1502913576343,0.020300929850222322,0.69991,2.8107271039721717
385.0,-1.075000000000041,0.34129775530097967,1.929992900533822,0.0,0.0,3.773036132680753,18.865180663403773,0.019898944506620986,0.69991,2.790342018498279
386.0,-1.0700000000000411,0.34300851741869254,1.9153794999771168,0.0,0.0,3.7168629428813915,18.58431471440697,0.019504919006123514,0.69991,2.7701138710827085
387.0,-1.0650000000000412,0.34472785476720597,1.9008389840597535,0.0,0.0,3.6615260629240973,18.307630314620496,0.019118695733276386,0.69991,2.7500415192791707
388.0,-1.0600000000000414,0.34645581033004313,1.8863709892680776,0.0,0.0,3.607013041777436,18.03506520888719,0.018740120193621174,0.69991,2.7301238293563563
389.0,-1.0550000000000415,0.3481924273061831,1.8719751539014653,0.0,0.0,3.5533116137816814,17.766558068908417,0.018369040951894684,0.69991,2.710359676232535
390.0,-1.0500000000000416,0.3499377491111408,1.8576511180632829,0.0,0.0,3.5004096958889903,17.502048479444962,0.01800530957145284,0.69991,2.6907479434106176
391.0,-1.0450000000000417,0.3516918193780522,1.8433985236518877,0.0,0.0,3.448295384944666,17.24147692472334,0.017648780554894043,0.69991,2.671287522913679
392.0,-1.0400000000000418,0.3534546819587654,1.8292170143516775,0.0,0.0,3.3969569550088963,16.984784775044492,0.017299311285858272,0.69991,2.6519773152209303
393.0,-1.0350000000000419,0.35522638092493664,1.8151062356241816,0.0,0.0,3.34638285471837,16.731914273591862,0.01695676197197864,0.69991,2.632816229204146
394.0,-1.030000000000042,0.3570069605691324,1.8010658346991968,0.0,0.0,3.296561704687171,16.482808523435867,0.01662099558896258,0.69991,2.613803182064531
395.0,-1.025000000000042,0.3587964654059365,1.787095460565968,0.0,0.0,3.2474822949463666,16.237411474731847,0.016291877825780305,0.69991,2.5949370992700374
396.0,-1.0200000000000422,0.3605949401730631,1.773194763964415,0.0,0.0,3.1991335824217195,15.995667912108612,0.015969277030938606,0.69991,2.576216914493114
397.0,-1.0150000000000423,0.362402429832475,1.759363397376398,0.0,0.0,3.1515046884489486,15.757523442244755,0.015653064159818493,0.69991,2.5576415695488897
398.0,-1.0100000000000424,0.3642189795715079,1.7456010150170327,0.0,0.0,3.104584896325983,15.522924481629927,0.015343112723055635,0.69991,2.5392100143337863
399.0,-1.0050000000000425,0.3660446348039998,1.7319072728260432,0.0,0.0,3.0583636489016595,15.29181824450831,0.01503929873594292,0.69991,2.520921206764563
400.0,-1.0000000000000426,0.3678794411714266,1.7182818284591614,0.0,0.0,3.0128305462003193,15.06415273100161,0.014741500668834928,0.69991,2.5027741127177765
401.0,-0.9950000000000426,0.3697234445440432,1.7047243412795674,0.0,0.0,2.9679753430817692,14.83987671540886,0.014449599398534442,0.69991,2.484767705969659
402.0,-0.9900000000000426,0.37157669102202984,1.691234472349377,0.0,0.0,2.923787946936082,14.618939734680422,0.01416347816064159,0.69991,2.466900968136415
403.0,-0.9850000000000426,0.373439226936645,1.677811884421164,0.0,0.0,2.880258415412716,14.401292077063593,0.013883022502846527,0.69991,2.449172888614927
404.0,-0.9800000000000426,0.37531109885138353,1.664456241929531,0.0,0.0,2.837376954183446,14.18688477091724,0.013608120239146978,0.69991,2.431582464523863
405.0,-0.9750000000000426,0.37719235356314085,1.6511672109827198,0.0,0.0,2.795133914738595,13.975669573692986,0.01333866140497235,0.69991,2.4141287006451937
406.0,-0.9700000000000426,0.3790830381033827,1.637944459354265,0.0,0.0,2.753519792216083,13.767598961080425,0.013074538213196435,0.69991,2.396810609366101
407.0,-0.9650000000000426,0.380983199739321,1.624787656474687,0.0,0.0,2.7125252232627886,13.562626116313954,0.012815645011021115,0.69991,2.3796272106212886
408.0,-0.9600000000000426,0.3828928859750957,1.6116964734232293,0.0,0.0,2.6721409839277586,13.360704919638804,0.012561878237713849,0.69991,2.3625775318356768
409.0,-0.9550000000000426,0.38481214455296214,1.5986705829196324,0.0,0.0,2.632357987586778,13.161789937933902,0.012313136383181987,0.69991,2.345660607867491
410.0,-0.9500000000000426,0.38674102345448474,1.585709659315956,0.0,0.0,2.593167282897842,12.965836414489221,0.012069319947367381,0.69991,2.3288754809517282
411.0,-0.9450000000000426,0.38867957090173644,1.5728133785884357,0.0,0.0,2.5545600517870657,12.77280025893534,0.011830331400445043,0.69991,2.3122212006440077
412.0,-0.9400000000000426,0.3906278353585045,1.5599814183293805,0.0,0.0,2.5165276074645817,12.582638037322921,0.011596075143809906,0.69991,2.2956968237647954
413.0,-0.9350000000000426,0.39258586553150165,1.5472134577391161,0.0,0.0,2.479061392469974,12.395306962349881,0.011366457471836112,0.69991,2.279301414344001
414.0,-0.9300000000000426,0.3945537103715843,1.5345091776179625,0.0,0.0,2.442152976746814,12.210764883734083,0.01114138653439351,0.69991,2.263034043565945
415.0,-0.9250000000000426,0.39653141907497597,1.5218682603582554,0.0,0.0,2.405794055745863,12.028970278729327,0.010920772300106383,0.69991,2.246893789714688
416.0,-0.9200000000000426,0.3985190410844972,1.5092903899364045,0.0,0.0,2.369976448556512,11.849882242782572,0.010704526520339692,0.69991,2.230879738119727
417.0,-0.9150000000000426,0.40051662609080174,1.4967752519049946,0.0,0.0,2.3346920960660436,11.67346048033023,0.01049256269389845,0.69991,2.214990981102043
418.0,-0.9100000000000426,0.40252422403361887,1.4843225333849221,0.0,0.0,2.2999330591462974,11.499665295731498,0.010284796032426087,0.69991,2.1992266179205076
419.0,-0.9050000000000425,0.4045418851030016,1.4719319230575767,0.0,0.0,2.2656915168673324,11.328457584336673,0.010081143426487981,0.69991,2.183585754718638
420.0,-0.9000000000000425,0.4065696597405818,1.4596031111570547,0.0,0.0,2.231959764737685,11.159798823688435,0.009881523412326574,0.69991,2.168067504471701
421.0,-0.8950000000000425,0.40860759864083107,1.4473357894624153,0.0,0.0,2.1987302129708253,10.993651064854136,0.00968585613927478,0.69991,2.152670986934157
422.0,-0.8900000000000425,0.410655752752328,1.4351296512899783,0.0,0.0,2.165995384777424,10.829976923887129,0.009494063337814662,0.69991,2.1373953285874507
423.0,-0.8850000000000425,0.4127141732790321,1.4229843914856533,0.0,0.0,2.1337479146830427,10.668739573415221,0.009306068288268571,0.69991,2.1222396625881292
424.0,-0.8800000000000425,0.4147829116815637,1.4108997064173123,0.0,0.0,2.1019805468708714,10.509902734354364,0.009121795790110257,0.69991,2.1072031287163044
425.0,-0.8750000000000425,0.4168620196784907,1.3988752939671998,0.0,0.0,2.070686133549139,10.353430667745702,0.00894117213188366,0.69991,2.0922848733244335
426.0,-0.8700000000000425,0.4189515492476212,1.3869108535243782,0.0,0.0,2.0398576333428298,10.199288166714155,0.008764125061717334,0.69991,2.077484049286436
427.0,-0.8650000000000425,0.42105155262730326,1.3750060859772129,0.0,0.0,2.0094881097093444,10.047440548546728,0.008590583758422749,0.69991,2.0627998159471264
428.0,-0.8600000000000425,0.42316208231773084,1.3631606937058955,0.0,0.0,1.979570729377749,9.89785364688875,0.00842047880316486,0.69991,2.0482313390719695
429.0,-0.8550000000000425,0.42528319108225604,1.351374380575002,0.0,0.0,1.9500987608112594,9.750493804056303,0.00825374215169365,0.69991,2.033777790797154
430.0,-0.8500000000000425,0.4274149319487085,1.3396468519260902,0.0,0.0,1.9210655726926185,9.605327863463097,0.008090307107125529,0.69991,2.019438349579972
431.0,-0.8450000000000425,0.4295573582107209,1.3279778145703336,0.0,0.0,1.8924646324320202,9.462323162160105,0.00793010829326368,0.69991,2.0052122001495163
432.0,-0.8400000000000425,0.43171052342906135,1.31636697678119,0.0,0.0,1.8642895046972503,9.321447523486256,0.007773081628446724,0.69991,1.9910985334576783
433.0,-0.8350000000000425,0.43387448143297247,1.3048140482871102,0.0,0.0,1.8365338499657093,9.182669249828551,0.007619164299915185,0.69991,1.977096546630452
434.0,-0.8300000000000425,0.43604928632151707,1.2933187402642803,0.0,0.0,1.8091914230979929,9.04595711548997,0.00746829473868556,0.69991,1.9632054429195336
435.0,-0.8250000000000425,0.43823499246493064,1.2818807653294004,0.0,0.0,1.7822560719327092,8.91128035966355,0.007320412594921899,0.69991,1.949424431654224
436.0,-0.8200000000000425,0.44043165450598054,1.2704998375325025,0.0,0.0,1.7557217359022168,8.77860867951109,0.00717545871379507,0.69991,1.9357527281936175
437.0,-0.8150000000000425,0.4426393273613323,1.2591756723497975,0.0,0.0,1.7295824446689716,8.647912223344864,0.007033375111820034,0.69991,1.9221895538790874
438.0,-0.8100000000000425,0.44485806622292223,1.2479079866765668,0.0,0.0,1.7038323167821752,8.519161583910881,0.0068941049536616825,0.69991,1.9087341359870522
439.0,-0.8050000000000425,0.4470879265593375,1.236696498820082,0.0,0.0,1.6784655583544237,8.392327791772123,0.006757592529399943,0.69991,1.8953857076820315
440.0,-0.8000000000000425,0.4493289641172025,1.225540928492562,0.0,0.0,1.6534764617580588,8.2673823087903,0.006623783232245068,0.69991,1.8821435079699778
441.0,-0.7950000000000425,0.45158123492257307,1.2144409968041683,0.0,0.0,1.628859404340928,8.144297021704645,0.006492623536694195,0.69991,1.86900678165189
442.0,-0.7900000000000424,0.45384479528233657,1.2033964262560302,0.0,0.0,1.6046088471612627,8.023044235806319,0.006364060977120424,0.69991,1.8559747792776984
443.0,-0.7850000000000424,0.4561197017856199,1.1924069407333087,0.0,0.0,1.5807193337413947,7.903596668706979,0.006238044126785877,0.69991,1.8430467571004232
444.0,-0.7800000000000424,0.4584060113052041,1.1814722654982939,0.0,0.0,1.5571854888400243,7.7859274442001265,0.006114522577270309,0.69991,1.8302219770306027
445.0,-0.7750000000000424,0.46070378099894627,1.1705921271835344,0.0,0.0,1.534002017242769,7.670010086213851,0.0059934469183070705,0.69991,1.8174997065909828
446.0,-0.7700000000000424,0.4630130683112084,1.1597662537850066,0.0,0.0,1.511163702570718,7.555818512853596,0.005874768718018345,0.69991,1.8048792188714764
447.0,-0.7650000000000424,0.46533393097429365,1.1489943746553113,0.0,0.0,1.4886654061067248,7.44332703053363,0.005758440503541749,0.69991,1.792359792484375
448.0,-0.7600000000000424,0.4676664270098894,1.138276220496909,0.0,0.0,1.4665020656391736,7.332510328195874,0.005644415742040555,0.69991,1.7799407115198238
449.0,-0.7550000000000424,0.47001061473051803,1.1276115233553883,0.0,0.0,1.4446686943229614,7.223343471614813,0.005532648822089934,0.69991,1.7676212655015462
450.0,-0.7500000000000424,0.47236655274099465,1.1170000166127645,0.0,0.0,1.4231603795574357,7.115801897787184,0.005423095035431783,0.69991,1.7554007493428248
451.0,-0.7450000000000424,0.4747342999398923,1.1064414349808165,0.0,0.0,1.4019722818810398,7.009861409405205,0.00531571055909082,0.69991,1.7432784633027254
452.0,-0.7400000000000424,0.4771139155210142,1.0959355144944531,0.0,0.0,1.3810996338824126,6.905498169412068,0.005210452437844813,0.69991,1.7312537129425722
453.0,-0.7350000000000424,0.47950545897487373,1.0854819925051165,0.0,0.0,1.3605377391277012,6.802688695638511,0.0051072785670419184,0.69991,1.7193258090826622
454.0,-0.7300000000000424,0.481908990090182,1.0750806076742108,0.0,0.0,1.3402819711038436,6.7014098555192225,0.0050061476757582565,0.69991,1.7074940677592239
455.0,-0.7250000000000424,0.4843245689553419,1.0647310999665742,0.0,0.0,1.3203277721775837,6.601638860887923,0.004907019310288994,0.69991,1.6957578101816109
456.0,-0.7200000000000424,0.48675225595995103,1.0544332106439747,0.0,0.0,1.3006706525699845,6.503353262849926,0.00480985381796632,0.69991,1.684116362689732
457.0,-0.7150000000000424,0.4891921117963108,1.0441866822586436,0.0,0.0,1.281306189346209,6.406530946731048,0.004714612331297855,0.69991,1.6725690567117155
458.0,-0.7100000000000424,0.4916441974609443,1.0339912586468367,0.0,0.0,1.2622300254203411,6.311150127101708,0.004621256752419131,0.69991,1.6611152287218036
459.0,-0.7050000000000424,0.49410857425612076,1.0238466849224332,0.0,0.0,1.243437868575023,6.217189342875117,0.004529749737853941,0.69991,1.6497542201984707
460.0,-0.7000000000000424,0.4965853037913885,1.013752707470562,0.0,0.0,1.2249254904956879,6.1246274524784425,0.004440054683576447,0.69991,1.638485377582775
461.0,-0.6950000000000424,0.4990744479851148,1.00370907394126,0.0,0.0,1.206688725819172,6.0334436290958635,0.0043521357103690865,0.69991,1.627308052236925
462.0,-0.6900000000000424,0.5015760690660342,0.9937155332431669,0.0,0.0,1.18872347119649,5.943617355982453,0.004265957649470403,0.69991,1.6162216004030732
463.0,-0.6850000000000424,0.5040902295748042,0.9837718355372438,0.0,0.0,1.1710256843695632,5.8551284218478195,0.004181486028507074,0.69991,1.605225383162324
464.0,-0.6800000000000423,0.5066169923655681,0.9738777322305314,0.0,0.0,1.1535913832616962,5.767956916308484,0.004098687057704503,0.69991,1.594318766393961
465.0,-0.6750000000000423,0.5091564206075276,0.9640329759699302,0.0,0.0,1.1364166450815913,5.68208322540796,0.004017527616370457,0.69991,1.5835011207348861
466.0,-0.6700000000000423,0.5117085777865208,0.9542373206360224,0.0,0.0,1.119497605440705,5.5974880272035294,0.003937975239646351,0.69991,1.572771821539272
467.0,-0.6650000000000423,0.5142735277066102,0.9444905213369135,0.0,0.0,1.1028304574837438,5.514152287418723,0.003859998105520869,0.69991,1.5621302488384239
468.0,-0.6600000000000423,0.5168513344916773,0.9347923344021136,0.0,0.0,1.0864114510321052,5.4320572551605295,0.0037835650221007358,0.69991,1.5515757873008476
469.0,-0.6550000000000423,0.5194420625870262,0.925142517376444,0.0,0.0,1.0702368917400726,5.3511844587003665,0.003708645415133545,0.69991,1.5411078261925275
470.0,-0.6500000000000423,0.522045776760994,0.915540829013977,0.0,0.0,1.0543031402635716,5.2715157013178615,0.00363520931577765,0.69991,1.5307257593374033
471.0,-0.6450000000000423,0.5246625421065707,0.9059870292720031,0.0,0.0,1.038606611441302,5.193033057206513,0.003563227348614227,0.69991,1.5204289850780524
472.0,-0.6400000000000423,0.5272924240430262,0.8964808793050316,0.0,0.0,1.0231437734880615,5.115718867440311,0.003492670719896716,0.69991,1.5102169062365698
473.0,-0.6350000000000423,0.5299354883175461,0.8870221414588175,0.0,0.0,1.0079111472000792,5.0395557360004,0.003423511206032939,0.69991,1.5000889300756486
474.0,-0.6300000000000423,0.5325918010068746,0.8776105792644227,0.0,0.0,0.9929053051721803,4.964526525860905,0.003355721142295287,0.69991,1.4900444682598548
475.0,-0.6250000000000423,0.5352614285189676,0.8682459574323014,0.0,0.0,0.978122871026605,4.890614355133028,0.0032892734117544583,0.69991,1.4800829368170991
476.0,-0.6200000000000423,0.5379444375946517,0.8589280418464207,0.0,0.0,0.9635605186533094,4.81780259326655,0.003224141434432327,0.69991,1.4702037561003
477.0,-0.6150000000000423,0.5406408953092937,0.8496565995584053,0.0,0.0,0.949214971461577,4.746074857307888,0.0031602991566695975,0.69991,1.4604063507492397
478.0,-0.6100000000000423,0.5433508690744768,0.8404313987817151,0.0,0.0,0.9350830016427716,4.675415008213861,0.0030977210407039917,0.69991,1.4506901496526101
479.0,-0.6050000000000423,0.5460744266396863,0.8312522088858507,0.0,0.0,0.9211614294440671,4.605807147220339,0.0030363820544548055,0.69991,1.441054585910247
480.0,-0.6000000000000423,0.5488116360940032,0.8221188003905862,0.0,0.0,0.9074471224529894,4.53723561226495,0.0029762576615097415,0.69991,1.4314990967955525
481.0,-0.5950000000000423,0.5515625658678065,0.8130309449602331,0.0,0.0,0.8939369948926105,4.469684974463055,0.0029173238113100177,0.69991,1.4220231237181031
482.0,-0.5900000000000423,0.5543272847344836,0.8039884153979333,0.0,0.0,0.8806280069272354,4.40314003463618,0.002859556929529823,0.69991,1.4126261121864419
483.0,-0.5850000000000423,0.5571058618121504,0.7949909856399759,0.0,0.0,0.867517163978427,4.337585819892138,0.0028029339086462724,0.69991,1.4033075117710552
484.0,-0.5800000000000423,0.5598983665653784,0.7860384307501489,0.0,0.0,0.8546015160512125,4.273007580256065,0.002747432098696091,0.69991,1.3940667760675327
485.0,-0.5750000000000423,0.5627048688069319,0.7771305269141133,0.0,0.0,0.8418781570703223,4.209390785351615,0.002693029298215324,0.69991,1.384903362659907
486.0,-0.5700000000000423,0.5655254386995132,0.7682670514338099,0.0,0.0,0.8293442242263113,4.146721121131559,0.0026397037453584583,0.69991,1.3758167330841742
487.0,-0.5650000000000422,0.5683601467575164,0.7594477827218895,0.0,0.0,0.8169968973314139,4.084984486657072,0.002587434109193392,0.69991,1.3668063527919965
488.0,-0.5600000000000422,0.5712090638487908,0.7506725002961749,0.0,0.0,0.8048333981849906,4.0241669909249556,0.0025361994811687783,0.69991,1.3578716911145807
489.0,-0.5550000000000422,0.5740722611964117,0.7419409847741492,0.0,0.0,0.7928509899484205,3.9642549497421053,0.0024859793667503247,0.69991,1.349012221226736
490.0,-0.5500000000000422,0.5769498103804623,0.7332530178674683,0.0,0.0,0.7810469765293017,3.9052348826465106,0.0024367536772227083,0.69991,1.3402274201111086
491.0,-0.5450000000000422,0.5798417833398218,0.7246083823765084,0.0,0.0,0.7694187019748183,3.847093509874094,0.0023885027216538203,0.69991,1.3315167685225957
492.0,-0.5400000000000422,0.5827482523739651,0.7160068621849307,0.0,0.0,0.7579635498741409,3.789817749370707,0.0023412071990181306,0.69991,1.322879750952931
493.0,-0.5350000000000422,0.5856692901447691,0.7074482422542836,0.0,0.0,0.7466789427697222,3.733394713848613,0.0022948481904760207,0.69991,1.3143158555954515
494.0,-0.5300000000000422,0.5886049696783303,0.6989323086186225,0.0,0.0,0.7355623415773586,3.677811707886795,0.0022494071518059963,0.69991,1.305824574310036
495.0,-0.5250000000000422,0.5915553643667901,0.6904588483791627,0.0,0.0,0.7246112450148853,3.623056225074429,0.0022048659059867495,0.69991,1.2974054025882196
496.0,-0.5200000000000422,0.5945205479701693,0.6820276496989572,0.0,0.0,0.7138231890393777,3.569115945196891,0.0021612066359261097,0.69991,1.2890578395184853
497.0,-0.5150000000000422,0.5975005946182123,0.6736385017976001,0.0,0.0,0.703195746292731,3.5159787314636572,0.002118411877333969,0.69991,1.2807813877517276
498.0,-0.5100000000000422,0.6004955788122406,0.6652911949459566,0.0,0.0,0.6927265255554942,3.463632627777473,0.0020764645117363326,0.69991,1.2725755534668926
499.0,-0.5050000000000422,0.6035055754270151,0.6569855204609205,0.0,0.0,0.6824131712088362,3.4120658560441828,0.002035347759627701,0.69991,1.264439846336794
500.0,-0.5000000000000422,0.6065306597126079,0.6487212707001975,0.0,0.0,0.6722533627045211,3.3612668135226076,0.0019950451737590445,0.69991,1.2563737794941026
501.0,-0.4950000000000422,0.6095709072962836,0.6404982390571132,0.0,0.0,0.6622448140427755,3.3112240702138793,0.0019555406325586847,0.69991,1.2483768694975106
502.0,-0.4900000000000422,0.6126263941843902,0.6323162199554477,0.0,0.0,0.6523852732579284,3.261926366289644,0.0019168183336834503,0.69991,1.2404486362980742
503.0,-0.4850000000000422,0.6156971967642592,0.6241750088442979,0.0,0.0,0.64267252191171,3.2133626095585517,0.0018788627876975285,0.69991,1.2325886032057303
504.0,-0.48000000000004217,0.6187833918061147,0.6160744021929616,0.0,0.0,0.6331043745940932,3.1655218729704675,0.0018416588118764859,0.69991,1.2247962968559898
505.0,-0.47500000000004217,0.6218850564649938,0.6080141974858508,0.0,0.0,0.6236786784315674,3.118393392157839,0.0018051915241339743,0.69991,1.217071247176809
506.0,-0.47000000000004216,0.6250022682826745,0.5999941932174278,0.0,0.0,0.6143933126027331,3.071966563013667,0.0017694463370686996,0.69991,1.2094129873556385
507.0,-0.46500000000004216,0.6281351051896144,0.5920141888871682,0.0,0.0,0.6052461878611075,3.0262309393055387,0.0017344089521292654,0.69991,1.2018210538066494
508.0,-0.46000000000004215,0.6312836455068993,0.5840739849945487,0.0,0.0,0.5962352460650358,2.98117623032518,0.0017000653538945627,0.69991,1.1942949861381416
509.0,-0.45500000000004215,0.6344479679482015,0.5761733830340576,0.0,0.0,0.5873584597146003,2.936792298573003,0.0016664018044674142,0.69991,1.1868343271201294
510.0,-0.45000000000004214,0.6376281516217465,0.5683121854902349,0.0,0.0,0.5786138314954249,2.8930691574771257,0.0016334048379792322,0.69991,1.1794386226521116
511.0,-0.44500000000004214,0.6408242760322918,0.5604901958327326,0.0,0.0,0.5699993938292701,2.8499969691463516,0.0016010612552034918,0.69991,1.1721074217310212
512.0,-0.44000000000004214,0.6440364210831142,0.5527072185114015,0.0,0.0,0.5615132084313204,2.8075660421566027,0.001569358118275864,0.69991,1.1648402764193608
513.0,-0.43500000000004213,0.6472646670780073,0.5449630589514034,0.0,0.0,0.5531533658740613,2.7657668293703073,0.0015382827455188983,0.69991,1.157636741813523
514.0,-0.4300000000000421,0.6505090947232891,0.5372575235483463,0.0,0.0,0.5449179851576508,2.724589925788255,0.0015078227063691817,0.69991,1.1504963760122955
515.0,-0.4250000000000421,0.6537697851298198,0.5295904196634431,0.0,0.0,0.536805213286686,2.684026066433431,0.0014779658164049481,0.69991,1.1434187400855562
516.0,-0.4200000000000421,0.6570468198150291,0.5219615556186978,0.0,0.0,0.5288132248532714,2.6440661242663586,0.001448700132472147,0.69991,1.1364033980431572
517.0,-0.4150000000000421,0.6603402807049551,0.5143707406921121,0.0,0.0,0.5209402216262947,2.6047011081314753,0.0014200139479070228,0.69991,1.1294499168039984
518.0,-0.4100000000000421,0.6636502501362914,0.506817785112917,0.0,0.0,0.5131844321468169,2.565922160734086,0.0013918957878532928,0.69991,1.1225578661652973
519.0,-0.4050000000000421,0.6669768108584463,0.4993025000568301,0.0,0.0,0.5055441113294864,2.527720556647434,0.0013643344046720524,0.69991,1.1157268187720495
520.0,-0.4000000000000421,0.6703200460356111,0.49182469764133296,0.0,0.0,0.49801754006988813,2.490087700349443,0.001337318773442569,0.69991,1.108956350086689
521.0,-0.3950000000000421,0.6736800392488392,0.4843841909209765,0.0,0.0,0.49060302485773716,2.453015124288688,0.0013108380875521666,0.69991,1.1022460383589467
522.0,-0.3900000000000421,0.6770568744981362,0.47698079388270465,0.0,0.0,0.4832988973958319,2.4164944869791616,0.0012848817543734375,0.69991,1.0955954645959076
523.0,-0.3850000000000421,0.680450636204559,0.4696143214412061,0.0,0.0,0.4761035142246802,2.3805175711234035,0.0012594393910270493,0.69991,1.0890042125322734
524.0,-0.3800000000000421,0.6838614092123271,0.4622845894342862,0.0,0.0,0.4690152563527144,2.3450762817635744,0.001234500820228455,0.69991,1.08247186860083
525.0,-0.3750000000000421,0.6872892787909433,0.45499141461826254,0.0,0.0,0.46203252889201074,2.310162644460056,0.0012100560662168434,0.69991,1.0759980219031204
526.0,-0.3700000000000421,0.6907343306373256,0.4477346146633854,0.0,0.0,0.4551537606994333,2.2757688034971686,0.001186095350764702,0.69991,1.0695822641803305
527.0,-0.36500000000004207,0.6941966508779496,0.44051400814927777,0.0,0.0,0.44837740402312004,2.2418870201156023,0.0011626090892663957,0.69991,1.0632241897843855
528.0,-0.36000000000004206,0.6976763260710017,0.4333294145604005,0.0,0.0,0.44170193415423215,2.208509670771163,0.001139587886904196,0.69991,1.056923395649262
529.0,-0.35500000000004206,0.7011734432085429,0.42618065428154006,0.0,0.0,0.43512584908388807,2.1756292454194424,0.0011170225348902296,0.69991,1.0506794812625178
530.0,-0.35000000000004206,0.7046880897186838,0.41906754859331685,0.0,0.0,0.4286476691652052,2.143238345826028,0.0010949040067828402,0.69991,1.0444920486370421
531.0,-0.34500000000004205,0.7082203534677702,0.41198991966771836,0.0,0.0,0.422265936780373,2.1113296839018667,0.001073223454875891,0.69991,1.038360702283029
532.0,-0.34000000000004205,0.7117703227625798,0.4049475905636528,0.0,0.0,0.41597921601268295,2.0798960800634165,0.0010519722066595649,0.69991,1.0322850491801765
533.0,-0.33500000000004204,0.7153380863525298,0.39794038522252584,0.0,0.0,0.40978609232344126,2.0489304616172084,0.0010311417613512446,0.69991,1.0262646987501163
534.0,-0.33000000000004204,0.718923733431896,0.39096812846383866,0.0,0.0,0.40368517223369166,2.0184258611684602,0.0010107237864950866,0.69991,1.0202992628290726
535.0,-0.32500000000004203,0.7225273536420418,0.3840306459808096,0.0,0.0,0.3976750830106766,1.988375415053385,0.0009907101146289271,0.69991,1.0143883556407594
536.0,-0.32000000000004203,0.7261490370736604,0.3771277643360149,0.0,0.0,0.3917544723589668,1.958772361794836,0.0009710927400171889,0.69991,1.0085315937695127
537.0,-0.315000000000042,0.7297888742690262,0.3702593109570542,0.0,0.0,0.3859220081161891,1.9296100405809473,0.0009518638154484802,0.69991,1.0027285961336672
538.0,-0.310000000000042,0.7334469562242585,0.3634251141322351,0.0,0.0,0.380176377953284,1.900881889766422,0.0009330156490966051,0.69991,0.9969789839591743
539.0,-0.305000000000042,0.7371233743915968,0.35662500300628097,0.0,0.0,0.37451628907922646,1.872581445396134,0.0009145407014437312,0.69991,0.9912823807534703
540.0,-0.300000000000042,0.7408182206816868,0.3498588075760598,0.0,0.0,0.3689404679501422,1.8447023397507125,0.0008964315822644814,0.69991,0.9856384122795945
541.0,-0.295000000000042,0.7445315874658781,0.3431263586863331,0.0,0.0,0.363447659982755,1.8172382999137766,0.0008786810476697455,0.69991,0.9800467065305615
542.0,-0.290000000000042,0.7482635675785337,0.33642748802552824,0.0,0.0,0.35803662927210045,1.7901831463605036,0.000861281997209028,0.69991,0.9745068937039925
543.0,-0.285000000000042,0.7520142543193511,0.32976202812152944,0.0,0.0,0.3527061583134416,1.7635307915672094,0.000844227471030173,0.69991,0.9690186061770059
544.0,-0.280000000000042,0.7557837414556937,0.3231298123374926,0.0,0.0,0.34745504772832575,1.7372752386416301,0.0008275106470953307,0.69991,0.9635814784813739
545.0,-0.275000000000042,0.7595721232249366,0.31653067486767683,0.0,0.0,0.34228211599471897,1.7114105799735961,0.0008111248384520514,0.69991,0.9581951472789467
546.0,-0.270000000000042,0.7633794943368212,0.30996445073330237,0.0,0.0,0.33718619918115866,1.6859309959057946,0.0007950634905584151,0.69991,0.9528592513373476
547.0,-0.265000000000042,0.7672059499758235,0.3034309757784235,0.0,0.0,0.33216615068486427,1.6608307534243227,0.0007793201786611277,0.69991,0.9475734315059438
548.0,-0.260000000000042,0.771051585803534,0.2969300866658262,0.0,0.0,0.32722084097374654,1.6361042048687342,0.0007638886052255336,0.69991,0.9423373306920946
549.0,-0.25500000000004197,0.7749164979610484,0.290461620872944,0.0,0.0,0.32234915733225833,1.611745786661293,0.0007487625974165185,0.69991,0.9371505938376834
550.0,-0.25000000000004197,0.7788007830713722,0.28402541668779535,0.0,0.0,0.3175500036110286,1.5877500180551443,0.0007339361046292922,0.69991,0.9320128678959324
551.0,-0.24500000000004196,0.7827045382418353,0.2776213132049403,0.0,0.0,0.3128222999802244,1.5641114999011234,0.0007194031960690668,0.69991,0.9269238018085083
552.0,-0.24000000000004196,0.7866278610665204,0.271249150321458,0.0,0.0,0.30816498268658465,1.5408249134329244,0.0007051580583786591,0.69991,0.9218830464829197
553.0,-0.23500000000004195,0.7905708496287024,0.2649087687329448,0.0,0.0,0.3035770038140709,1.5178850190703554,0.0006911949933130709,0.69991,0.9168902547702095
554.0,-0.23000000000004195,0.7945336025033006,0.2586000099295307,0.0,0.0,0.299057331048082,1.495286655240411,0.0006775084154601143,0.69991,0.9119450814429476
555.0,-0.22500000000004194,0.7985162187593435,0.2523227161919168,0.0,0.0,0.29460494744317905,1.473024737215896,0.0006640928500061729,0.69991,0.9070471831735255
556.0,-0.22000000000004194,0.8025187979624449,0.24607673058743296,0.0,0.0,0.2902188511942681,1.4510942559713411,0.000650942930546203,0.69991,0.902196218512757
557.0,-0.21500000000004194,0.806541440177293,0.23986189696611393,0.0,0.0,0.28589805541119,1.4294902770559508,0.0006380533969371003,0.69991,0.8973918478687888
558.0,-0.21000000000004193,0.8105842459701531,0.23367805995679491,0.0,0.0,0.28164158789666593,1.4082079394833305,0.0006254190931935725,0.69991,0.8926337334863219
559.0,-0.20500000000004193,0.8146473164113804,0.227525064963229,0.0,0.0,0.27744849092754886,1.387242454637745,0.0006130349654256762,0.69991,0.8879215394261514
560.0,-0.20000000000004192,0.8187307530779475,0.22140275816022115,0.0,0.0,0.2733178210393317,1.3665891051966594,0.0006008960598171937,0.69991,0.8832549315450227
561.0,-0.19500000000004192,0.8228346580559839,0.21531098648978175,0.0,0.0,0.2692486488138641,1.3462432440693215,0.0005889975206440405,0.69991,0.8786335774758117
562.0,-0.1900000000000419,0.8269591339433277,0.2092495976573021,0.0,0.0,0.26524005867022915,1.3262002933511465,0.0005773345883319112,0.69991,0.8740571466080288
563.0,-0.1850000000000419,0.8311042838520908,0.20321844012774593,0.0,0.0,0.2612911486587339,1.30645574329367,0.0005659025975523855,0.69991,0.869525310068652
564.0,-0.1800000000000419,0.835270211411237,0.19721736312186033,0.0,0.0,0.25740103025796685,1.287005151289835,0.0005546969753567355,0.69991,0.8650377407032903
565.0,-0.1750000000000419,0.8394570207691722,0.19124621661240804,0.0,0.0,0.25356882817487714,1.2678441408743866,0.0005437132393466849,0.69991,0.8605941130576811
566.0,-0.1700000000000419,0.8436648165963483,0.1853048513204152,0.0,0.0,0.24979368014782954,1.2489684007391486,0.0005329469958813897,0.69991,0.8561941033595244
567.0,-0.1650000000000419,0.8478937040878803,0.17939311871143993,0.0,0.0,0.2460747367525922,1.2303736837629617,0.0005223939383199236,0.69991,0.8518373895006555
568.0,-0.1600000000000419,0.8521437889661756,0.17351087099185936,0.0,0.0,0.24241116121121245,1.2120558060560631,0.0005120498452985643,0.69991,0.84752365101956
569.0,-0.15500000000004188,0.8564151774835776,0.16765796110517406,0.0,0.0,0.2388021292037384,1.1940106460186928,0.0005019105790421913,0.69991,0.8432525690842322
570.0,-0.15000000000004188,0.8607079764250217,0.1618342427283319,0.0,0.0,0.2352468286827433,1.1762341434137173,0.000491972083709121,0.69991,0.8390238264753809
571.0,-0.14500000000004187,0.8650222931107051,0.15603957026806992,0.0,0.0,0.2317444596906116,1.1587222984530587,0.0004822303837687161,0.69991,0.8348371075699816
572.0,-0.14000000000004187,0.8693582353987694,0.15027379885727532,0.0,0.0,0.22829423417954503,1.1414711708977259,0.0004726815824111197,0.69991,0.8306920983251822
573.0,-0.13500000000004186,0.8737159116879979,0.1445367843513623,0.0,0.0,0.22489537583424848,1.1244768791712432,0.00046332185998848016,0.69991,0.8265884862625579
574.0,-0.13000000000004186,0.8780954309205246,0.1388283833246695,0.0,0.0,0.2215471198972559,1.10773559948628,0.00045414747248704066,0.69991,0.822525960452723
575.0,-0.12500000000004186,0.8824969025845585,0.13314845306687362,0.0,0.0,0.2182487129968565,1.091243564984283,0.00044515475002948374,0.69991,0.8185042115002971
576.0,-0.12000000000004185,0.8869204367171204,0.1274968515794228,0.0,0.0,0.21499941297758313,1.0749970648879161,0.0004363400954069316,0.69991,0.8145229315292288
577.0,-0.11500000000004185,0.891366143906794,0.12187343757198543,0.0,0.0,0.21179848873322393,1.0589924436661202,0.00042769998264001447,0.69991,0.8105818141684783
578.0,-0.11000000000004184,0.8958341352964908,0.11627807045891791,0.0,0.0,0.20864522004232058,1.0432261002116034,0.0004192309555684319,0.69991,0.8066805545380593
579.0,-0.10500000000004184,0.900324522586228,0.11071061035575158,0.0,0.0,0.20553889740611528,1.0276944870305769,0.00041092962646844253,0.69991,0.8028188492354426
580.0,-0.10000000000004183,0.9048374180359218,0.1051709180756939,0.0,0.0,0.20247882188891056,1.0123941094445532,0.0004027926746977296,0.69991,0.79899639632232
581.0,-0.09500000000004183,0.9093729344681933,0.09965885512614903,0.0,0.0,0.19946430496080586,0.9973215248040297,0.0003948168453670995,0.69991,0.7952128953117319
582.0,-0.09000000000004182,0.91393118527119,0.09417428370525616,0.0,0.0,0.19649466834277535,0.9824733417138771,0.00038699894803848273,0.69991,0.7914680471555565
583.0,-0.08500000000004182,0.918512284401419,0.08871706669844426,0.0,0.0,0.19356924385405228,0.9678462192702618,0.0003793358554487164,0.69991,0.7877615542323626
584.0,-0.08000000000004182,0.9231163463865972,0.08328706767500371,0.0,0.0,0.19068737326178553,0.9534368663089281,0.0003718245022585969,0.69991,0.7840931203356253
585.0,-0.07500000000004181,0.9277434863285141,0.0778841508846766,0.0,0.0,0.1878484081329344,0.9392420406646725,0.00036446188382670367,0.69991,0.7804624506623052
586.0,-0.0700000000000418,0.9323938199059092,0.0725081812542614,0.0,0.0,0.1850517096883685,0.9252585484418431,0.0003572450550075024,0.69991,0.77686925180179
587.0,-0.0650000000000418,0.9370674633773642,0.06715902438423726,0.0,0.0,0.18229664865913967,0.9114832432956989,0.00035017112897324753,0.69991,0.7733132317251985
588.0,-0.060000000000041805,0.9417645335842093,0.06183654654540405,0.0,0.0,0.17958260514489385,0.8979130257244697,0.0003432372760592128,0.69991,0.7697940997750465
589.0,-0.05500000000004181,0.9464851479534443,0.0565406146755385,0.0,0.0,0.17690896847439092,0.884544842371955,0.0003364407226317875,0.69991,0.7663115666552732
590.0,-0.05000000000004181,0.9512294245006743,0.05127109637606786,0.0,0.0,0.17427513706810102,0.8713756853405055,0.00032977874997898606,0.69991,0.7628653444216276
591.0,-0.04500000000004181,0.9559974818330599,0.04602785990876068,0.0,0.0,0.1716805183028467,0.8584025915142338,0.0003232486932229272,0.69991,0.7594551464724132
592.0,-0.040000000000041815,0.960789439152283,0.04081077419243173,0.0,0.0,0.16912452837846012,0.8456226418923009,0.0003168479402538469,0.69991,0.7560806875395895
593.0,-0.03500000000004182,0.965605416257526,0.03561970879966658,0.0,0.0,0.16660659218642562,0.8330329609321284,0.00031057393068522,0.69991,0.7527416836802293
594.0,-0.030000000000041816,0.9704455335484676,0.030454533953560015,0.0,0.0,0.16412614318047788,0.8206307159023898,0.0003044241548295713,0.69991,0.749437852268329
595.0,-0.025000000000041815,0.9753099120282919,0.025315120524471713,0.0,0.0,0.16168262324912658,0.8084131162456332,0.00029839615269456704,0.69991,0.7461689119869697
596.0,-0.020000000000041814,0.9801986733067143,0.02020134002679841,0.0,0.0,0.1592754825900789,0.7963774129503949,0.0002924875129989854,0.69991,0.7429345828208279
597.0,-0.015000000000041813,0.9851119396030215,0.01511306461576134,0.0,0.0,0.15690417958653186,0.7845208979326597,0.0002866958722081716,0.69991,0.7397345860490323
598.0,-0.010000000000041812,0.9900498337491267,0.01005016708421036,0.0,0.0,0.1545681806853061,0.7728409034265309,0.00028101891358859265,0.69991,0.7365686442383642
599.0,-0.005000000000041812,0.9950124791926407,0.005012520859443148,0.0,0.0,0.1522669602767942,0.7613348013839715,0.00027545436628111314,0.69991,0.7334364812367978
600.0,-4.181203994146898e-14,0.9999999999999581,4.196643033083092e-14,0.0,0.0,0.1500000005766964,0.7500000028834825,0.00027000000439262114,0.69991,0.7303378221673793
